{"level":"info","message":"🔍 Verificando avanço de nível para 2dec5603-4953-4186-b6cb-c7fb232d3998 com 400 pontos","timestamp":"2025-11-03 22:12:17"}
{"level":"error","message":"❌ Erro ao verificar avanço de nível: relation \"user_levels\" does not exist","timestamp":"2025-11-03 22:12:17"}
{"level":"error","message":"❌ Erro ao criar venda: current transaction is aborted, commands ignored until end of transaction block","timestamp":"2025-11-03 22:12:17"}
{"level":"info","message":"✅ Venda criada com sucesso: 60ee4b24-10ea-41a8-8348-42ffb47194c0 | Novos pontos: 400","timestamp":"2025-11-03 22:16:46"}
{"level":"info","message":"✅ Notificação criada para usuário 2dec5603-4953-4186-b6cb-c7fb232d3998: 🎉 Nova Venda Registrada!","timestamp":"2025-11-03 22:16:46"}
{"level":"info","message":"✅ Notificação criada para usuário 2dec5603-4953-4186-b6cb-c7fb232d3998: 🏆 Meta Atingida - Cesta Básica!","timestamp":"2025-11-03 22:16:46"}
{"level":"info","message":"✅ Notificação 76ca5665-7172-42ac-ab35-c8c138f6c993 marcada como lida","timestamp":"2025-11-03 22:16:47"}
{"level":"info","message":"✅ Notificação 76ca5665-7172-42ac-ab35-c8c138f6c993 marcada como lida","timestamp":"2025-11-03 22:16:47"}
{"level":"info","message":"✅ Notificação 76ca5665-7172-42ac-ab35-c8c138f6c993 deletada","timestamp":"2025-11-03 22:17:15"}
{"level":"info","message":"✅ Notificação d435601d-4661-48b0-8ca5-f9b72f434e9c deletada","timestamp":"2025-11-03 22:17:17"}
{"level":"info","message":"✅ Notificação 50d823ed-a928-4f6f-874f-398baa327995 deletada","timestamp":"2025-11-03 22:17:18"}
{"level":"info","message":"✅ Notificação 58a782d2-81a8-435e-be30-5175b8b3fe51 deletada","timestamp":"2025-11-03 22:17:19"}
{"level":"info","message":"✅ Todas as notificações do usuário 2dec5603-4953-4186-b6cb-c7fb232d3998 marcadas como lidas","timestamp":"2025-11-03 22:17:19"}
{"level":"info","message":"✅ Todas as notificações do usuário 2dec5603-4953-4186-b6cb-c7fb232d3998 marcadas como lidas","timestamp":"2025-11-03 22:17:20"}
{"level":"info","message":"✅ Todas as notificações do usuário 2dec5603-4953-4186-b6cb-c7fb232d3998 marcadas como lidas","timestamp":"2025-11-03 22:17:23"}
{"level":"info","message":"✅ Todas as notificações do usuário 2dec5603-4953-4186-b6cb-c7fb232d3998 marcadas como lidas","timestamp":"2025-11-03 22:17:26"}
{"level":"info","message":"✅ Venda criada com sucesso: 973c5579-c6b1-46b3-83ff-6e67ba3bf5d9 | Novos pontos: 1400","timestamp":"2025-11-03 22:17:40"}
{"level":"info","message":"✅ Notificação criada para usuário 2dec5603-4953-4186-b6cb-c7fb232d3998: 🎉 Nova Venda Registrada!","timestamp":"2025-11-03 22:17:40"}
{"level":"info","message":"✅ Notificação criada para usuário 2dec5603-4953-4186-b6cb-c7fb232d3998: 🏆 Meta Atingida - Cesta Básica!","timestamp":"2025-11-03 22:17:40"}
{"level":"info","message":"✅ Notificação 8a72e8b6-b9cb-4aab-885d-a2ce77bc94f8 marcada como lida","timestamp":"2025-11-03 22:17:42"}
{"level":"info","message":"✅ Notificação 8a72e8b6-b9cb-4aab-885d-a2ce77bc94f8 marcada como lida","timestamp":"2025-11-03 22:17:42"}
{"level":"info","message":"✅ Notificação 8a72e8b6-b9cb-4aab-885d-a2ce77bc94f8 deletada","timestamp":"2025-11-03 22:17:53"}
{"level":"info","message":"✅ Notificação 9db40fcd-6ea1-45ce-a559-4bb6435f5623 deletada","timestamp":"2025-11-03 22:17:54"}
{"level":"info","message":"✅ Venda criada com sucesso: 450b609d-7d35-4a77-85f3-0ccd3b68e905 | Novos pontos: 1600","timestamp":"2025-11-03 22:18:29"}
{"level":"info","message":"✅ Notificação criada para usuário 2dec5603-4953-4186-b6cb-c7fb232d3998: 🎉 Nova Venda Registrada!","timestamp":"2025-11-03 22:18:29"}
{"level":"info","message":"✅ Notificação criada para usuário 2dec5603-4953-4186-b6cb-c7fb232d3998: 🏆 Meta Atingida - Cesta Básica!","timestamp":"2025-11-03 22:18:29"}
{"level":"info","message":"✅ Notificação cdd6b111-7e18-4daa-a038-a85739c25f84 marcada como lida","timestamp":"2025-11-03 22:18:31"}
{"level":"info","message":"✅ Notificação cdd6b111-7e18-4daa-a038-a85739c25f84 marcada como lida","timestamp":"2025-11-03 22:18:31"}
{"level":"info","message":"✅ Venda criada com sucesso: 17498bb4-9028-4d46-baa4-ef243cfc1251 | Novos pontos: 1400","timestamp":"2025-11-03 22:21:45"}
{"level":"info","message":"✅ Notificação criada para usuário 2dec5603-4953-4186-b6cb-c7fb232d3998: 🎉 Nova Venda Registrada!","timestamp":"2025-11-03 22:21:45"}
{"level":"info","message":"✅ Notificação criada para usuário 2dec5603-4953-4186-b6cb-c7fb232d3998: 🏆 Meta Atingida - Cesta Básica!","timestamp":"2025-11-03 22:21:45"}
{"level":"info","message":"✅ Notificação 85d3f05e-585b-4b27-ad8a-fae3da4d5f84 deletada","timestamp":"2025-11-03 22:24:12"}
{"level":"info","message":"✅ Notificação cdd6b111-7e18-4daa-a038-a85739c25f84 deletada","timestamp":"2025-11-03 22:24:13"}
{"level":"info","message":"✅ Notificação b2302af8-b2c2-415b-8a76-458da805534e deletada","timestamp":"2025-11-03 22:24:14"}
{"level":"info","message":"✅ Todas as notificações do usuário 2dec5603-4953-4186-b6cb-c7fb232d3998 marcadas como lidas","timestamp":"2025-11-03 22:24:15"}
{"level":"info","message":"✅ Notificação ca966942-2c06-49fb-835a-9245bffebb3d deletada","timestamp":"2025-11-03 22:24:17"}
{"level":"info","message":"✅ Venda criada com sucesso: 48b3498d-befa-4597-822e-60a428c0703d | Novos pontos: 100","timestamp":"2025-11-03 22:26:26"}
{"level":"info","message":"✅ Notificação criada para usuário 2dec5603-4953-4186-b6cb-c7fb232d3998: 🎉 Nova Venda Registrada!","timestamp":"2025-11-03 22:26:26"}
{"level":"info","message":"✅ Venda criada com sucesso: 8e0ab993-4763-489b-96da-62eef33406be | Novos pontos: 1000","timestamp":"2025-11-03 22:27:04"}
{"level":"info","message":"✅ Notificação criada para usuário 2dec5603-4953-4186-b6cb-c7fb232d3998: 🎉 Nova Venda Registrada!","timestamp":"2025-11-03 22:27:04"}
{"level":"info","message":"✅ Notificação criada para usuário 2dec5603-4953-4186-b6cb-c7fb232d3998: 🏆 Meta Atingida - Cesta Básica!","timestamp":"2025-11-03 22:27:04"}
{"level":"info","message":"✅ Venda criada com sucesso: 8ee9c635-73fc-4e03-ba9a-06ca177cbf7c | Novos pontos: 9000","timestamp":"2025-11-03 22:27:24"}
{"level":"info","message":"✅ Notificação criada para usuário 2dec5603-4953-4186-b6cb-c7fb232d3998: 🎉 Nova Venda Registrada!","timestamp":"2025-11-03 22:27:24"}
{"level":"info","message":"✅ Notificação criada para usuário 2dec5603-4953-4186-b6cb-c7fb232d3998: 🏆 Meta Atingida - Cesta Básica!","timestamp":"2025-11-03 22:27:24"}
{"level":"info","message":"✅ Venda criada com sucesso: 2ff60eb9-23e5-42e1-a39f-da9ba52208ff | Novos pontos: 19000","timestamp":"2025-11-03 23:21:59"}
{"level":"info","message":"✅ Notificação criada para usuário 2dec5603-4953-4186-b6cb-c7fb232d3998: 🎉 Nova Venda Registrada!","timestamp":"2025-11-03 23:21:59"}
{"level":"info","message":"✅ Notificação criada para usuário 2dec5603-4953-4186-b6cb-c7fb232d3998: 🏆 Meta Atingida - Cesta Básica!","timestamp":"2025-11-03 23:21:59"}
{"level":"info","message":"✅ Venda criada com sucesso: 6c1943d5-746b-480d-835e-6559bdc549cb | Novos pontos: 49000","timestamp":"2025-11-03 23:22:17"}
{"level":"info","message":"✅ Notificação criada para usuário 2dec5603-4953-4186-b6cb-c7fb232d3998: 🎉 Nova Venda Registrada!","timestamp":"2025-11-03 23:22:17"}
{"level":"info","message":"✅ Notificação criada para usuário 2dec5603-4953-4186-b6cb-c7fb232d3998: 🏆 Meta Atingida - Cesta Básica!","timestamp":"2025-11-03 23:22:17"}
{"level":"info","message":"✅ Venda criada com sucesso: 90c3c296-5ec9-4eb6-8283-c076677ae1bb | Novos pontos: 349000","timestamp":"2025-11-03 23:22:38"}
{"level":"info","message":"✅ Notificação criada para usuário 2dec5603-4953-4186-b6cb-c7fb232d3998: 🎉 Nova Venda Registrada!","timestamp":"2025-11-03 23:22:38"}
{"level":"info","message":"✅ Notificação criada para usuário 2dec5603-4953-4186-b6cb-c7fb232d3998: 🏆 Meta Atingida - Cesta Básica!","timestamp":"2025-11-03 23:22:38"}
{"level":"info","message":"✅ Venda criada com sucesso: 3ec393bb-5c5e-4578-8592-6ea82c1a439d | Novos pontos: 2349000","timestamp":"2025-11-03 23:22:58"}
{"level":"info","message":"✅ Notificação criada para usuário 2dec5603-4953-4186-b6cb-c7fb232d3998: 🎉 Nova Venda Registrada!","timestamp":"2025-11-03 23:22:58"}
{"level":"info","message":"✅ Notificação criada para usuário 2dec5603-4953-4186-b6cb-c7fb232d3998: 🏆 Meta Atingida - Cesta Básica!","timestamp":"2025-11-03 23:22:58"}
{"level":"info","message":"✅ Notificação f630d658-ba94-4836-81d6-c27831b5298e deletada","timestamp":"2025-11-03 23:23:45"}
{"level":"info","message":"✅ Notificação 44eb4773-3707-4677-96ea-aa5763b95aa9 deletada","timestamp":"2025-11-03 23:23:45"}
{"level":"info","message":"✅ Notificação f6b98c60-3511-42bb-805c-3306b90a44cf deletada","timestamp":"2025-11-03 23:23:45"}
{"level":"info","message":"✅ Notificação 7b7e0f0b-0129-470f-b5b6-96bed27e7265 deletada","timestamp":"2025-11-03 23:23:46"}
{"level":"info","message":"✅ Notificação 8897cf6d-2aa7-4926-9331-783f2ab4e582 deletada","timestamp":"2025-11-03 23:23:46"}
{"level":"info","message":"✅ Notificação 7370bbf0-b8fd-441f-9cfa-ce2705c7801d deletada","timestamp":"2025-11-03 23:23:46"}
{"level":"info","message":"✅ Notificação d4a94af4-f325-4c77-8aaa-17b4cc36a126 deletada","timestamp":"2025-11-03 23:23:46"}
{"level":"info","message":"✅ Notificação 74b47417-da80-4939-9ee1-5b9c6e6c8dd4 deletada","timestamp":"2025-11-03 23:23:46"}
{"level":"info","message":"✅ Notificação b2dd6b3b-d58c-47a2-bc18-3847c97474c5 deletada","timestamp":"2025-11-03 23:23:47"}
{"level":"info","message":"✅ Notificação 0322e0f5-1ea0-44b0-852c-a2fdcf393888 deletada","timestamp":"2025-11-03 23:23:47"}
{"level":"info","message":"✅ Notificação d79e3122-0c52-4b19-8b10-fc630d49c43f deletada","timestamp":"2025-11-03 23:23:47"}
{"level":"info","message":"✅ Notificação 8705812c-87f9-4172-bd7a-fdb2647cc133 deletada","timestamp":"2025-11-03 23:23:48"}
{"level":"info","message":"✅ Notificação a1fcc95c-c810-47a3-ac2e-90201a092bcb deletada","timestamp":"2025-11-03 23:23:48"}
{"level":"info","message":"✅ Todas as notificações do usuário 2dec5603-4953-4186-b6cb-c7fb232d3998 marcadas como lidas","timestamp":"2025-11-03 23:26:46"}
{"level":"info","message":"✅ Venda criada com sucesso: 9b43aafc-ac23-4696-accd-2db235744f50 | Novos pontos: 2349001","timestamp":"2025-11-03 23:30:54"}
{"level":"info","message":"✅ Notificação criada para usuário 2dec5603-4953-4186-b6cb-c7fb232d3998: 🎉 Nova Venda Registrada!","timestamp":"2025-11-03 23:30:54"}
{"level":"info","message":"✅ Notificação criada para usuário 2dec5603-4953-4186-b6cb-c7fb232d3998: 🏆 Meta Atingida - Cesta Básica!","timestamp":"2025-11-03 23:30:54"}
{"level":"info","message":"✅ Notificação 42fba242-6d3f-407b-a6eb-3594cea8bc91 deletada","timestamp":"2025-11-03 23:36:39"}
{"level":"info","message":"✅ Notificação f949e336-1f77-45df-96f2-0d1c1d2faf43 deletada","timestamp":"2025-11-03 23:36:40"}
{"level":"info","message":"✅ Venda criada com sucesso: b7bb748c-c97c-4465-aea1-865a6336f9e5 | Novos pontos: 100","timestamp":"2025-11-03 23:58:37"}
{"level":"info","message":"✅ Notificação criada para usuário 6febce56-0a6e-4b4d-8dce-36e2ab382ca2: 🎉 Nova Venda Registrada!","timestamp":"2025-11-03 23:58:37"}
{"level":"info","message":"✅ Notificação 14fc6990-fea0-41e8-bd0b-a43a4f132ab3 deletada","timestamp":"2025-11-04 00:44:09"}
{"level":"info","message":"✅ Venda criada com sucesso: c7ad8e9f-3ac5-4e7d-9c11-a9d5bfc15018 | Novos pontos: 100","timestamp":"2025-11-04 00:49:17"}
{"level":"info","message":"✅ Notificação criada para usuário 6febce56-0a6e-4b4d-8dce-36e2ab382ca2: 🎉 Nova Venda Registrada!","timestamp":"2025-11-04 00:49:17"}
{"level":"info","message":"✅ Venda criada com sucesso: 9928dc19-fb24-4b94-a112-eff39ec8be89 | Novos pontos: 1050","timestamp":"2025-11-04 00:49:51"}
{"level":"info","message":"✅ Notificação criada para usuário 2dec5603-4953-4186-b6cb-c7fb232d3998: 🎉 Nova Venda Registrada!","timestamp":"2025-11-04 00:49:51"}
{"level":"info","message":"✅ Notificação criada para usuário 2dec5603-4953-4186-b6cb-c7fb232d3998: 🏆 Meta Atingida - Cesta Básica!","timestamp":"2025-11-04 00:49:51"}
{"level":"info","message":"✅ Venda criada com sucesso: 2154db10-ac6f-4314-bf25-f378c35fb5da | Novos pontos: 200","timestamp":"2025-11-04 00:52:07"}
{"level":"info","message":"✅ Notificação criada para usuário 6febce56-0a6e-4b4d-8dce-36e2ab382ca2: 🎉 Nova Venda Registrada!","timestamp":"2025-11-04 00:52:07"}
{"level":"error","message":"❌ Erro ao buscar resumo de rede: column \"amount\" does not exist","timestamp":"2025-11-04 01:00:27"}
{"level":"error","message":"❌ Erro ao calcular resumo completo: column \"amount\" does not exist","timestamp":"2025-11-04 01:00:27"}
{"level":"error","message":"❌ Erro ao buscar resumo de rede: column \"amount\" does not exist","timestamp":"2025-11-04 01:00:27"}
{"level":"error","message":"❌ Erro ao calcular resumo completo: column \"amount\" does not exist","timestamp":"2025-11-04 01:00:27"}
{"level":"error","message":"❌ Erro ao buscar comissões de rede: column nc.member_id does not exist","timestamp":"2025-11-04 01:00:27"}
{"level":"error","message":"❌ Erro ao buscar comissões de rede: column nc.member_id does not exist","timestamp":"2025-11-04 01:00:27"}
{"level":"error","message":"❌ Erro ao buscar comissões de rede: column nc.member_id does not exist","timestamp":"2025-11-04 01:00:35"}
{"level":"error","message":"❌ Erro ao buscar comissões de rede: column nc.member_id does not exist","timestamp":"2025-11-04 01:00:35"}
{"level":"error","message":"❌ Erro ao buscar resumo de rede: column \"amount\" does not exist","timestamp":"2025-11-04 01:00:35"}
{"level":"error","message":"❌ Erro ao calcular resumo completo: column \"amount\" does not exist","timestamp":"2025-11-04 01:00:35"}
{"level":"error","message":"❌ Erro ao buscar resumo de rede: column \"amount\" does not exist","timestamp":"2025-11-04 01:00:35"}
{"level":"error","message":"❌ Erro ao calcular resumo completo: column \"amount\" does not exist","timestamp":"2025-11-04 01:00:35"}
{"level":"error","message":"❌ Erro ao buscar comissões de rede: column nc.member_id does not exist","timestamp":"2025-11-04 01:00:36"}
{"level":"error","message":"❌ Erro ao buscar comissões de rede: column nc.member_id does not exist","timestamp":"2025-11-04 01:00:36"}
{"level":"error","message":"❌ Erro ao buscar resumo de rede: column \"amount\" does not exist","timestamp":"2025-11-04 01:00:36"}
{"level":"error","message":"❌ Erro ao calcular resumo completo: column \"amount\" does not exist","timestamp":"2025-11-04 01:00:36"}
{"level":"error","message":"❌ Erro ao buscar resumo de rede: column \"amount\" does not exist","timestamp":"2025-11-04 01:00:36"}
{"level":"error","message":"❌ Erro ao calcular resumo completo: column \"amount\" does not exist","timestamp":"2025-11-04 01:00:36"}
{"level":"error","message":"❌ Erro ao buscar comissões de rede: column nc.member_id does not exist","timestamp":"2025-11-04 01:00:37"}
{"level":"error","message":"❌ Erro ao buscar comissões de rede: column nc.member_id does not exist","timestamp":"2025-11-04 01:00:37"}
{"level":"error","message":"❌ Erro ao buscar resumo de rede: column \"amount\" does not exist","timestamp":"2025-11-04 01:00:37"}
{"level":"error","message":"❌ Erro ao calcular resumo completo: column \"amount\" does not exist","timestamp":"2025-11-04 01:00:37"}
{"level":"error","message":"❌ Erro ao buscar resumo de rede: column \"amount\" does not exist","timestamp":"2025-11-04 01:00:37"}
{"level":"error","message":"❌ Erro ao calcular resumo completo: column \"amount\" does not exist","timestamp":"2025-11-04 01:00:37"}
{"level":"error","message":"❌ Erro ao buscar resumo de rede: column \"amount\" does not exist","timestamp":"2025-11-04 01:00:44"}
{"level":"error","message":"❌ Erro ao calcular resumo completo: column \"amount\" does not exist","timestamp":"2025-11-04 01:00:44"}
{"level":"error","message":"❌ Erro ao buscar comissões de rede: column nc.member_id does not exist","timestamp":"2025-11-04 01:00:44"}
{"level":"error","message":"❌ Erro ao buscar comissões de rede: column nc.member_id does not exist","timestamp":"2025-11-04 01:00:44"}
{"level":"error","message":"❌ Erro ao buscar resumo de rede: column \"amount\" does not exist","timestamp":"2025-11-04 01:00:44"}
{"level":"error","message":"❌ Erro ao calcular resumo completo: column \"amount\" does not exist","timestamp":"2025-11-04 01:00:44"}
{"level":"info","message":"✅ Comissão de rede processada para 6febce56-0a6e-4b4d-8dce-36e2ab382ca2","timestamp":"2025-11-04 01:00:56"}
{"level":"info","message":"🔍 Verificando avanço de nível para 6febce56-0a6e-4b4d-8dce-36e2ab382ca2 com 100 pontos","timestamp":"2025-11-04 01:00:56"}
{"level":"error","message":"❌ Erro ao verificar avanço de nível: operator does not exist: integer = uuid","timestamp":"2025-11-04 01:00:56"}
{"level":"error","message":"❌ Erro ao criar venda: current transaction is aborted, commands ignored until end of transaction block","timestamp":"2025-11-04 01:00:56"}
{"level":"info","message":"✅ Comissão de rede processada para 6febce56-0a6e-4b4d-8dce-36e2ab382ca2","timestamp":"2025-11-04 01:01:00"}
{"level":"info","message":"🔍 Verificando avanço de nível para 6febce56-0a6e-4b4d-8dce-36e2ab382ca2 com 100 pontos","timestamp":"2025-11-04 01:01:00"}
{"level":"error","message":"❌ Erro ao verificar avanço de nível: operator does not exist: integer = uuid","timestamp":"2025-11-04 01:01:00"}
{"level":"error","message":"❌ Erro ao criar venda: current transaction is aborted, commands ignored until end of transaction block","timestamp":"2025-11-04 01:01:00"}
{"level":"info","message":"✅ Comissão de rede processada para 6febce56-0a6e-4b4d-8dce-36e2ab382ca2","timestamp":"2025-11-04 01:01:26"}
{"level":"info","message":"🔍 Verificando avanço de nível para 6febce56-0a6e-4b4d-8dce-36e2ab382ca2 com 100 pontos","timestamp":"2025-11-04 01:01:26"}
{"level":"error","message":"❌ Erro ao verificar avanço de nível: operator does not exist: integer = uuid","timestamp":"2025-11-04 01:01:26"}
{"level":"error","message":"❌ Erro ao criar venda: current transaction is aborted, commands ignored until end of transaction block","timestamp":"2025-11-04 01:01:26"}
{"level":"info","message":"✅ Venda criada com sucesso: 3b5a19bc-a734-4315-b7de-8a5cccafcaff","timestamp":"2025-11-04 01:03:55"}
{"level":"info","message":"✅ Comissão de rede processada para 6febce56-0a6e-4b4d-8dce-36e2ab382ca2","timestamp":"2025-11-04 01:03:55"}
{"level":"info","message":"✅ Notificação criada para usuário 6febce56-0a6e-4b4d-8dce-36e2ab382ca2: 🎉 Nova Venda Registrada!","timestamp":"2025-11-04 01:03:55"}
{"level":"error","message":"❌ Erro ao buscar resumo de rede: column \"amount\" does not exist","timestamp":"2025-11-04 01:03:59"}
{"level":"error","message":"❌ Erro ao calcular resumo completo: column \"amount\" does not exist","timestamp":"2025-11-04 01:03:59"}
{"level":"error","message":"❌ Erro ao buscar resumo de rede: column \"amount\" does not exist","timestamp":"2025-11-04 01:03:59"}
{"level":"error","message":"❌ Erro ao calcular resumo completo: column \"amount\" does not exist","timestamp":"2025-11-04 01:03:59"}
{"level":"error","message":"❌ Erro ao buscar comissões de rede: column nc.member_id does not exist","timestamp":"2025-11-04 01:03:59"}
{"level":"error","message":"❌ Erro ao buscar comissões de rede: column nc.member_id does not exist","timestamp":"2025-11-04 01:03:59"}
{"level":"error","message":"❌ Erro ao buscar comissões de rede: column nc.member_id does not exist","timestamp":"2025-11-04 01:04:07"}
{"level":"error","message":"❌ Erro ao buscar comissões de rede: column nc.member_id does not exist","timestamp":"2025-11-04 01:04:07"}
{"level":"error","message":"❌ Erro ao buscar resumo de rede: column \"amount\" does not exist","timestamp":"2025-11-04 01:04:07"}
{"level":"error","message":"❌ Erro ao calcular resumo completo: column \"amount\" does not exist","timestamp":"2025-11-04 01:04:07"}
{"level":"error","message":"❌ Erro ao buscar resumo de rede: column \"amount\" does not exist","timestamp":"2025-11-04 01:04:07"}
{"level":"error","message":"❌ Erro ao calcular resumo completo: column \"amount\" does not exist","timestamp":"2025-11-04 01:04:07"}
{"level":"error","message":"❌ Erro ao buscar comissões de rede: column nc.member_id does not exist","timestamp":"2025-11-04 01:04:07"}
{"level":"error","message":"❌ Erro ao buscar comissões de rede: column nc.member_id does not exist","timestamp":"2025-11-04 01:04:07"}
{"level":"error","message":"❌ Erro ao buscar resumo de rede: column \"amount\" does not exist","timestamp":"2025-11-04 01:04:07"}
{"level":"error","message":"❌ Erro ao calcular resumo completo: column \"amount\" does not exist","timestamp":"2025-11-04 01:04:07"}
{"level":"error","message":"❌ Erro ao buscar resumo de rede: column \"amount\" does not exist","timestamp":"2025-11-04 01:04:07"}
{"level":"error","message":"❌ Erro ao calcular resumo completo: column \"amount\" does not exist","timestamp":"2025-11-04 01:04:07"}
{"level":"error","message":"❌ Erro ao buscar comissões de rede: column nc.member_id does not exist","timestamp":"2025-11-04 01:04:08"}
{"level":"error","message":"❌ Erro ao buscar comissões de rede: column nc.member_id does not exist","timestamp":"2025-11-04 01:04:08"}
{"level":"error","message":"❌ Erro ao buscar resumo de rede: column \"amount\" does not exist","timestamp":"2025-11-04 01:04:08"}
{"level":"error","message":"❌ Erro ao calcular resumo completo: column \"amount\" does not exist","timestamp":"2025-11-04 01:04:08"}
{"level":"error","message":"❌ Erro ao buscar resumo de rede: column \"amount\" does not exist","timestamp":"2025-11-04 01:04:08"}
{"level":"error","message":"❌ Erro ao calcular resumo completo: column \"amount\" does not exist","timestamp":"2025-11-04 01:04:08"}
{"level":"error","message":"❌ Erro ao buscar comissões de rede: column nc.member_id does not exist","timestamp":"2025-11-04 01:04:09"}
{"level":"error","message":"❌ Erro ao buscar comissões de rede: column nc.member_id does not exist","timestamp":"2025-11-04 01:04:09"}
{"level":"error","message":"❌ Erro ao buscar resumo de rede: column \"amount\" does not exist","timestamp":"2025-11-04 01:04:09"}
{"level":"error","message":"❌ Erro ao calcular resumo completo: column \"amount\" does not exist","timestamp":"2025-11-04 01:04:09"}
{"level":"error","message":"❌ Erro ao buscar resumo de rede: column \"amount\" does not exist","timestamp":"2025-11-04 01:04:09"}
{"level":"error","message":"❌ Erro ao calcular resumo completo: column \"amount\" does not exist","timestamp":"2025-11-04 01:04:09"}
{"level":"error","message":"❌ Erro ao buscar comissões de rede: column nc.member_id does not exist","timestamp":"2025-11-04 01:04:09"}
{"level":"error","message":"❌ Erro ao buscar comissões de rede: column nc.member_id does not exist","timestamp":"2025-11-04 01:04:09"}
{"level":"error","message":"❌ Erro ao buscar resumo de rede: column \"amount\" does not exist","timestamp":"2025-11-04 01:04:09"}
{"level":"error","message":"❌ Erro ao calcular resumo completo: column \"amount\" does not exist","timestamp":"2025-11-04 01:04:09"}
{"level":"error","message":"❌ Erro ao buscar resumo de rede: column \"amount\" does not exist","timestamp":"2025-11-04 01:04:09"}
{"level":"error","message":"❌ Erro ao calcular resumo completo: column \"amount\" does not exist","timestamp":"2025-11-04 01:04:09"}
{"level":"error","message":"❌ Erro ao buscar comissões de rede: column nc.member_id does not exist","timestamp":"2025-11-04 01:04:10"}
{"level":"error","message":"❌ Erro ao buscar comissões de rede: column nc.member_id does not exist","timestamp":"2025-11-04 01:04:10"}
{"level":"error","message":"❌ Erro ao buscar resumo de rede: column \"amount\" does not exist","timestamp":"2025-11-04 01:04:10"}
{"level":"error","message":"❌ Erro ao calcular resumo completo: column \"amount\" does not exist","timestamp":"2025-11-04 01:04:10"}
{"level":"error","message":"❌ Erro ao buscar resumo de rede: column \"amount\" does not exist","timestamp":"2025-11-04 01:04:10"}
{"level":"error","message":"❌ Erro ao calcular resumo completo: column \"amount\" does not exist","timestamp":"2025-11-04 01:04:10"}
{"level":"info","message":"✅ Notificação 2c60b185-b95b-4255-a5c9-da67dee58056 deletada","timestamp":"2025-11-04 01:04:12"}
{"level":"info","message":"✅ Notificação 55d5e9e8-81d7-4ece-8051-08bce66b6931 deletada","timestamp":"2025-11-04 01:04:13"}
{"level":"error","message":"❌ Erro ao buscar comissões de rede: column nc.member_id does not exist","timestamp":"2025-11-04 01:04:18"}
{"level":"error","message":"❌ Erro ao buscar resumo de rede: column \"amount\" does not exist","timestamp":"2025-11-04 01:04:18"}
{"level":"error","message":"❌ Erro ao calcular resumo completo: column \"amount\" does not exist","timestamp":"2025-11-04 01:04:18"}
{"level":"error","message":"❌ Erro ao buscar comissões de rede: column nc.member_id does not exist","timestamp":"2025-11-04 01:04:18"}
{"level":"error","message":"❌ Erro ao buscar resumo de rede: column \"amount\" does not exist","timestamp":"2025-11-04 01:04:18"}
{"level":"error","message":"❌ Erro ao calcular resumo completo: column \"amount\" does not exist","timestamp":"2025-11-04 01:04:18"}
{"level":"error","message":"❌ Erro ao buscar comissões de rede: column nc.member_id does not exist","timestamp":"2025-11-04 01:04:20"}
{"level":"error","message":"❌ Erro ao buscar comissões de rede: column nc.member_id does not exist","timestamp":"2025-11-04 01:04:20"}
{"level":"error","message":"❌ Erro ao buscar resumo de rede: column \"amount\" does not exist","timestamp":"2025-11-04 01:04:20"}
{"level":"error","message":"❌ Erro ao calcular resumo completo: column \"amount\" does not exist","timestamp":"2025-11-04 01:04:20"}
{"level":"error","message":"❌ Erro ao buscar resumo de rede: column \"amount\" does not exist","timestamp":"2025-11-04 01:04:20"}
{"level":"error","message":"❌ Erro ao calcular resumo completo: column \"amount\" does not exist","timestamp":"2025-11-04 01:04:20"}
{"level":"error","message":"❌ Erro ao buscar resumo de rede: column \"amount\" does not exist","timestamp":"2025-11-04 01:04:38"}
{"level":"error","message":"❌ Erro ao calcular resumo completo: column \"amount\" does not exist","timestamp":"2025-11-04 01:04:38"}
{"level":"error","message":"❌ Erro ao buscar comissões de rede: column nc.member_id does not exist","timestamp":"2025-11-04 01:04:38"}
{"level":"error","message":"❌ Erro ao buscar resumo de rede: column \"amount\" does not exist","timestamp":"2025-11-04 01:04:38"}
{"level":"error","message":"❌ Erro ao calcular resumo completo: column \"amount\" does not exist","timestamp":"2025-11-04 01:04:38"}
{"level":"error","message":"❌ Erro ao buscar comissões de rede: column nc.member_id does not exist","timestamp":"2025-11-04 01:04:38"}
{"level":"error","message":"❌ Erro ao buscar comissões de rede: column nc.member_id does not exist","timestamp":"2025-11-04 01:15:13"}
{"level":"error","message":"❌ Erro ao buscar resumo de rede: column \"amount\" does not exist","timestamp":"2025-11-04 01:15:13"}
{"level":"error","message":"❌ Erro ao calcular resumo completo: column \"amount\" does not exist","timestamp":"2025-11-04 01:15:13"}
{"level":"error","message":"❌ Erro ao buscar comissões de rede: column nc.member_id does not exist","timestamp":"2025-11-04 01:15:13"}
{"level":"error","message":"❌ Erro ao buscar resumo de rede: column \"amount\" does not exist","timestamp":"2025-11-04 01:15:13"}
{"level":"error","message":"❌ Erro ao calcular resumo completo: column \"amount\" does not exist","timestamp":"2025-11-04 01:15:13"}
{"level":"error","message":"❌ Erro ao buscar comissões de rede: column nc.member_id does not exist","timestamp":"2025-11-04 01:15:23"}
{"level":"error","message":"❌ Erro ao buscar resumo de rede: column \"amount\" does not exist","timestamp":"2025-11-04 01:15:23"}
{"level":"error","message":"❌ Erro ao calcular resumo completo: column \"amount\" does not exist","timestamp":"2025-11-04 01:15:23"}
{"level":"error","message":"❌ Erro ao buscar comissões de rede: column nc.member_id does not exist","timestamp":"2025-11-04 01:15:23"}
{"level":"error","message":"❌ Erro ao buscar resumo de rede: column \"amount\" does not exist","timestamp":"2025-11-04 01:15:23"}
{"level":"error","message":"❌ Erro ao calcular resumo completo: column \"amount\" does not exist","timestamp":"2025-11-04 01:15:23"}
{"level":"error","message":"❌ Erro ao buscar comissões de rede: column nc.member_id does not exist","timestamp":"2025-11-04 01:15:24"}
{"level":"error","message":"❌ Erro ao buscar comissões de rede: column nc.member_id does not exist","timestamp":"2025-11-04 01:15:24"}
{"level":"error","message":"❌ Erro ao buscar resumo de rede: column \"amount\" does not exist","timestamp":"2025-11-04 01:15:24"}
{"level":"error","message":"❌ Erro ao calcular resumo completo: column \"amount\" does not exist","timestamp":"2025-11-04 01:15:24"}
{"level":"error","message":"❌ Erro ao buscar resumo de rede: column \"amount\" does not exist","timestamp":"2025-11-04 01:15:24"}
{"level":"error","message":"❌ Erro ao calcular resumo completo: column \"amount\" does not exist","timestamp":"2025-11-04 01:15:24"}
{"level":"error","message":"❌ Erro ao buscar comissões de rede: column nc.member_id does not exist","timestamp":"2025-11-04 01:15:25"}
{"level":"error","message":"❌ Erro ao buscar comissões de rede: column nc.member_id does not exist","timestamp":"2025-11-04 01:15:25"}
{"level":"error","message":"❌ Erro ao buscar resumo de rede: column \"amount\" does not exist","timestamp":"2025-11-04 01:15:25"}
{"level":"error","message":"❌ Erro ao calcular resumo completo: column \"amount\" does not exist","timestamp":"2025-11-04 01:15:25"}
{"level":"error","message":"❌ Erro ao buscar resumo de rede: column \"amount\" does not exist","timestamp":"2025-11-04 01:15:25"}
{"level":"error","message":"❌ Erro ao calcular resumo completo: column \"amount\" does not exist","timestamp":"2025-11-04 01:15:25"}
{"level":"error","message":"❌ Erro ao buscar comissões de rede: column nc.member_id does not exist","timestamp":"2025-11-04 01:15:25"}
{"level":"error","message":"❌ Erro ao buscar comissões de rede: column nc.member_id does not exist","timestamp":"2025-11-04 01:15:25"}
{"level":"error","message":"❌ Erro ao buscar resumo de rede: column \"amount\" does not exist","timestamp":"2025-11-04 01:15:25"}
{"level":"error","message":"❌ Erro ao calcular resumo completo: column \"amount\" does not exist","timestamp":"2025-11-04 01:15:25"}
{"level":"error","message":"❌ Erro ao buscar resumo de rede: column \"amount\" does not exist","timestamp":"2025-11-04 01:15:25"}
{"level":"error","message":"❌ Erro ao calcular resumo completo: column \"amount\" does not exist","timestamp":"2025-11-04 01:15:25"}
{"level":"error","message":"❌ Erro ao buscar comissões de rede: column nc.member_id does not exist","timestamp":"2025-11-04 01:15:25"}
{"level":"error","message":"❌ Erro ao buscar comissões de rede: column nc.member_id does not exist","timestamp":"2025-11-04 01:15:25"}
{"level":"error","message":"❌ Erro ao buscar resumo de rede: column \"amount\" does not exist","timestamp":"2025-11-04 01:15:25"}
{"level":"error","message":"❌ Erro ao calcular resumo completo: column \"amount\" does not exist","timestamp":"2025-11-04 01:15:25"}
{"level":"error","message":"❌ Erro ao buscar resumo de rede: column \"amount\" does not exist","timestamp":"2025-11-04 01:15:25"}
{"level":"error","message":"❌ Erro ao calcular resumo completo: column \"amount\" does not exist","timestamp":"2025-11-04 01:15:25"}
{"level":"error","message":"❌ Erro ao buscar comissões de rede: column nc.member_id does not exist","timestamp":"2025-11-04 01:15:25"}
{"level":"error","message":"❌ Erro ao buscar comissões de rede: column nc.member_id does not exist","timestamp":"2025-11-04 01:15:25"}
{"level":"error","message":"❌ Erro ao buscar resumo de rede: column \"amount\" does not exist","timestamp":"2025-11-04 01:15:25"}
{"level":"error","message":"❌ Erro ao calcular resumo completo: column \"amount\" does not exist","timestamp":"2025-11-04 01:15:25"}
{"level":"error","message":"❌ Erro ao buscar resumo de rede: column \"amount\" does not exist","timestamp":"2025-11-04 01:15:25"}
{"level":"error","message":"❌ Erro ao calcular resumo completo: column \"amount\" does not exist","timestamp":"2025-11-04 01:15:25"}
{"level":"error","message":"❌ Erro ao buscar comissões de rede: column nc.member_id does not exist","timestamp":"2025-11-04 01:15:26"}
{"level":"error","message":"❌ Erro ao buscar resumo de rede: column \"amount\" does not exist","timestamp":"2025-11-04 01:15:26"}
{"level":"error","message":"❌ Erro ao calcular resumo completo: column \"amount\" does not exist","timestamp":"2025-11-04 01:15:26"}
{"level":"error","message":"❌ Erro ao buscar comissões de rede: column nc.member_id does not exist","timestamp":"2025-11-04 01:15:26"}
{"level":"error","message":"❌ Erro ao buscar resumo de rede: column \"amount\" does not exist","timestamp":"2025-11-04 01:15:26"}
{"level":"error","message":"❌ Erro ao calcular resumo completo: column \"amount\" does not exist","timestamp":"2025-11-04 01:15:26"}
{"level":"error","message":"❌ Erro ao buscar comissões de rede: column nc.member_id does not exist","timestamp":"2025-11-04 01:15:26"}
{"level":"error","message":"❌ Erro ao buscar comissões de rede: column nc.member_id does not exist","timestamp":"2025-11-04 01:15:26"}
{"level":"error","message":"❌ Erro ao buscar resumo de rede: column \"amount\" does not exist","timestamp":"2025-11-04 01:15:26"}
{"level":"error","message":"❌ Erro ao calcular resumo completo: column \"amount\" does not exist","timestamp":"2025-11-04 01:15:26"}
{"level":"error","message":"❌ Erro ao buscar resumo de rede: column \"amount\" does not exist","timestamp":"2025-11-04 01:15:26"}
{"level":"error","message":"❌ Erro ao calcular resumo completo: column \"amount\" does not exist","timestamp":"2025-11-04 01:15:26"}
{"level":"error","message":"❌ Erro ao buscar comissões de rede: column nc.member_id does not exist","timestamp":"2025-11-04 01:15:26"}
{"level":"error","message":"❌ Erro ao buscar comissões de rede: column nc.member_id does not exist","timestamp":"2025-11-04 01:15:26"}
{"level":"error","message":"❌ Erro ao buscar resumo de rede: column \"amount\" does not exist","timestamp":"2025-11-04 01:15:26"}
{"level":"error","message":"❌ Erro ao calcular resumo completo: column \"amount\" does not exist","timestamp":"2025-11-04 01:15:26"}
{"level":"error","message":"❌ Erro ao buscar resumo de rede: column \"amount\" does not exist","timestamp":"2025-11-04 01:15:26"}
{"level":"error","message":"❌ Erro ao calcular resumo completo: column \"amount\" does not exist","timestamp":"2025-11-04 01:15:26"}
{"level":"error","message":"❌ Erro ao buscar resumo de rede: column \"amount\" does not exist","timestamp":"2025-11-04 01:15:26"}
{"level":"error","message":"❌ Erro ao calcular resumo completo: column \"amount\" does not exist","timestamp":"2025-11-04 01:15:26"}
{"level":"error","message":"❌ Erro ao buscar resumo de rede: column \"amount\" does not exist","timestamp":"2025-11-04 01:15:26"}
{"level":"error","message":"❌ Erro ao calcular resumo completo: column \"amount\" does not exist","timestamp":"2025-11-04 01:15:26"}
{"level":"error","message":"❌ Erro ao buscar comissões de rede: column nc.member_id does not exist","timestamp":"2025-11-04 01:15:26"}
{"level":"error","message":"❌ Erro ao buscar comissões de rede: column nc.member_id does not exist","timestamp":"2025-11-04 01:15:26"}
{"level":"error","message":"❌ Erro ao buscar comissões de rede: column nc.member_id does not exist","timestamp":"2025-11-04 01:15:42"}
{"level":"error","message":"❌ Erro ao buscar comissões de rede: column nc.member_id does not exist","timestamp":"2025-11-04 01:15:42"}
{"level":"error","message":"❌ Erro ao buscar resumo de rede: column \"amount\" does not exist","timestamp":"2025-11-04 01:15:42"}
{"level":"error","message":"❌ Erro ao calcular resumo completo: column \"amount\" does not exist","timestamp":"2025-11-04 01:15:42"}
{"level":"error","message":"❌ Erro ao buscar resumo de rede: column \"amount\" does not exist","timestamp":"2025-11-04 01:15:42"}
{"level":"error","message":"❌ Erro ao calcular resumo completo: column \"amount\" does not exist","timestamp":"2025-11-04 01:15:42"}
{"level":"error","message":"❌ Erro ao buscar comissões de rede: column nc.member_id does not exist","timestamp":"2025-11-04 01:19:22"}
{"level":"error","message":"❌ Erro ao buscar resumo de rede: column \"amount\" does not exist","timestamp":"2025-11-04 01:19:22"}
{"level":"error","message":"❌ Erro ao calcular resumo completo: column \"amount\" does not exist","timestamp":"2025-11-04 01:19:22"}
{"level":"error","message":"❌ Erro ao buscar comissões de rede: column nc.member_id does not exist","timestamp":"2025-11-04 01:19:22"}
{"level":"error","message":"❌ Erro ao buscar comissões de rede: column nc.member_id does not exist","timestamp":"2025-11-04 01:19:22"}
{"level":"error","message":"❌ Erro ao buscar comissões de rede: column nc.member_id does not exist","timestamp":"2025-11-04 01:19:22"}
{"level":"error","message":"❌ Erro ao buscar resumo de rede: column \"amount\" does not exist","timestamp":"2025-11-04 01:19:22"}
{"level":"error","message":"❌ Erro ao calcular resumo completo: column \"amount\" does not exist","timestamp":"2025-11-04 01:19:22"}
{"level":"error","message":"❌ Erro ao buscar resumo de rede: column \"amount\" does not exist","timestamp":"2025-11-04 01:19:22"}
{"level":"error","message":"❌ Erro ao calcular resumo completo: column \"amount\" does not exist","timestamp":"2025-11-04 01:19:22"}
{"level":"error","message":"❌ Erro ao buscar resumo de rede: column \"amount\" does not exist","timestamp":"2025-11-04 01:19:22"}
{"level":"error","message":"❌ Erro ao calcular resumo completo: column \"amount\" does not exist","timestamp":"2025-11-04 01:19:22"}
{"level":"info","message":"📊 Buscando resumo para usuário: 6febce56-0a6e-4b4d-8dce-36e2ab382ca2","timestamp":"2025-11-04 01:20:02"}
{"level":"info","message":"📋 Buscando comissões para líder: 6febce56-0a6e-4b4d-8dce-36e2ab382ca2","timestamp":"2025-11-04 01:20:02"}
{"level":"error","message":"❌ Erro ao buscar comissões para 6febce56-0a6e-4b4d-8dce-36e2ab382ca2: column nc.member_id does not exist","timestamp":"2025-11-04 01:20:02"}
{"level":"error","message":"❌ Erro em getNetworkCommissions: column nc.member_id does not exist","timestamp":"2025-11-04 01:20:02"}
{"level":"error","message":"Stack: error: column nc.member_id does not exist\n    at /usr/src/app/node_modules/pg-pool/index.js:45:11\n    at process.processTicksAndRejections (node:internal/process/task_queues:95:5)\n    at async CommissionService.getNetworkCommissions (/usr/src/app/src/modules/commissions/commission.service.ts:106:22)\n    at async CommissionController.getNetworkCommissions (/usr/src/app/src/modules/commissions/commission.controller.ts:20:27)","timestamp":"2025-11-04 01:20:02"}
{"level":"info","message":"📋 Buscando comissões para líder: 6febce56-0a6e-4b4d-8dce-36e2ab382ca2","timestamp":"2025-11-04 01:20:02"}
{"level":"error","message":"❌ Erro ao buscar resumo para 6febce56-0a6e-4b4d-8dce-36e2ab382ca2: column \"amount\" does not exist","timestamp":"2025-11-04 01:20:02"}
{"level":"error","message":"❌ Erro ao calcular resumo para 6febce56-0a6e-4b4d-8dce-36e2ab382ca2: column \"amount\" does not exist","timestamp":"2025-11-04 01:20:02"}
{"level":"info","message":"📊 Buscando resumo para usuário: 6febce56-0a6e-4b4d-8dce-36e2ab382ca2","timestamp":"2025-11-04 01:20:02"}
{"level":"error","message":"❌ Erro ao buscar comissões para 6febce56-0a6e-4b4d-8dce-36e2ab382ca2: column nc.member_id does not exist","timestamp":"2025-11-04 01:20:02"}
{"level":"error","message":"❌ Erro em getNetworkCommissions: column nc.member_id does not exist","timestamp":"2025-11-04 01:20:02"}
{"level":"error","message":"Stack: error: column nc.member_id does not exist\n    at /usr/src/app/node_modules/pg-pool/index.js:45:11\n    at process.processTicksAndRejections (node:internal/process/task_queues:95:5)\n    at async CommissionService.getNetworkCommissions (/usr/src/app/src/modules/commissions/commission.service.ts:106:22)\n    at async CommissionController.getNetworkCommissions (/usr/src/app/src/modules/commissions/commission.controller.ts:20:27)","timestamp":"2025-11-04 01:20:02"}
{"level":"error","message":"❌ Erro ao buscar resumo para 6febce56-0a6e-4b4d-8dce-36e2ab382ca2: column \"amount\" does not exist","timestamp":"2025-11-04 01:20:02"}
{"level":"error","message":"❌ Erro ao calcular resumo para 6febce56-0a6e-4b4d-8dce-36e2ab382ca2: column \"amount\" does not exist","timestamp":"2025-11-04 01:20:02"}
{"level":"info","message":"📋 Buscando comissões para líder: 6febce56-0a6e-4b4d-8dce-36e2ab382ca2","timestamp":"2025-11-04 01:37:22"}
{"level":"error","message":"❌ Erro ao buscar comissões para 6febce56-0a6e-4b4d-8dce-36e2ab382ca2: column nc.member_id does not exist","timestamp":"2025-11-04 01:37:22"}
{"level":"error","message":"❌ Erro em getNetworkCommissions: column nc.member_id does not exist","timestamp":"2025-11-04 01:37:22"}
{"level":"error","message":"Stack: error: column nc.member_id does not exist\n    at /usr/src/app/node_modules/pg-pool/index.js:45:11\n    at process.processTicksAndRejections (node:internal/process/task_queues:95:5)\n    at async CommissionService.getNetworkCommissions (/usr/src/app/src/modules/commissions/commission.service.ts:106:22)\n    at async CommissionController.getNetworkCommissions (/usr/src/app/src/modules/commissions/commission.controller.ts:20:27)","timestamp":"2025-11-04 01:37:22"}
{"level":"info","message":"📊 Buscando resumo para usuário: 6febce56-0a6e-4b4d-8dce-36e2ab382ca2","timestamp":"2025-11-04 01:37:22"}
{"level":"info","message":"📋 Buscando comissões para líder: 6febce56-0a6e-4b4d-8dce-36e2ab382ca2","timestamp":"2025-11-04 01:37:22"}
{"level":"error","message":"❌ Erro ao buscar resumo para 6febce56-0a6e-4b4d-8dce-36e2ab382ca2: column \"amount\" does not exist","timestamp":"2025-11-04 01:37:22"}
{"level":"error","message":"❌ Erro ao calcular resumo para 6febce56-0a6e-4b4d-8dce-36e2ab382ca2: column \"amount\" does not exist","timestamp":"2025-11-04 01:37:22"}
{"level":"info","message":"📊 Buscando resumo para usuário: 6febce56-0a6e-4b4d-8dce-36e2ab382ca2","timestamp":"2025-11-04 01:37:22"}
{"level":"error","message":"❌ Erro ao buscar comissões para 6febce56-0a6e-4b4d-8dce-36e2ab382ca2: column nc.member_id does not exist","timestamp":"2025-11-04 01:37:22"}
{"level":"error","message":"❌ Erro em getNetworkCommissions: column nc.member_id does not exist","timestamp":"2025-11-04 01:37:22"}
{"level":"error","message":"Stack: error: column nc.member_id does not exist\n    at /usr/src/app/node_modules/pg-pool/index.js:45:11\n    at process.processTicksAndRejections (node:internal/process/task_queues:95:5)\n    at async CommissionService.getNetworkCommissions (/usr/src/app/src/modules/commissions/commission.service.ts:106:22)\n    at async CommissionController.getNetworkCommissions (/usr/src/app/src/modules/commissions/commission.controller.ts:20:27)","timestamp":"2025-11-04 01:37:22"}
{"level":"error","message":"❌ Erro ao buscar resumo para 6febce56-0a6e-4b4d-8dce-36e2ab382ca2: column \"amount\" does not exist","timestamp":"2025-11-04 01:37:22"}
{"level":"error","message":"❌ Erro ao calcular resumo para 6febce56-0a6e-4b4d-8dce-36e2ab382ca2: column \"amount\" does not exist","timestamp":"2025-11-04 01:37:22"}
{"level":"info","message":"📋 Buscando comissões para líder: 6febce56-0a6e-4b4d-8dce-36e2ab382ca2","timestamp":"2025-11-04 01:40:05"}
{"level":"info","message":"📊 Buscando resumo para usuário: 6febce56-0a6e-4b4d-8dce-36e2ab382ca2","timestamp":"2025-11-04 01:40:05"}
{"level":"info","message":"📋 0 comissões encontradas","timestamp":"2025-11-04 01:40:05"}
{"level":"info","message":"📋 Buscando comissões para líder: 6febce56-0a6e-4b4d-8dce-36e2ab382ca2","timestamp":"2025-11-04 01:40:05"}
{"level":"info","message":"📋 0 comissões encontradas","timestamp":"2025-11-04 01:40:05"}
{"level":"info","message":"📊 Buscando resumo para usuário: 6febce56-0a6e-4b4d-8dce-36e2ab382ca2","timestamp":"2025-11-04 01:40:05"}
{"level":"info","message":"✅ Venda criada com sucesso: e9bf5b08-a985-4f1d-8470-bc8bcaa522df","timestamp":"2025-11-04 01:40:28"}
{"level":"info","message":"📝 Processando comissão: memberId=6febce56-0a6e-4b4d-8dce-36e2ab382ca2, saleValue=R$10000","timestamp":"2025-11-04 01:40:28"}
{"level":"info","message":"ℹ️ Líder sem direito a comissão","timestamp":"2025-11-04 01:40:28"}
{"level":"info","message":"✅ Comissão de rede processada para 6febce56-0a6e-4b4d-8dce-36e2ab382ca2","timestamp":"2025-11-04 01:40:28"}
{"level":"info","message":"✅ Notificação criada para usuário 6febce56-0a6e-4b4d-8dce-36e2ab382ca2: 🎉 Nova Venda Registrada!","timestamp":"2025-11-04 01:40:29"}
{"level":"info","message":"📋 Buscando comissões para líder: 2dec5603-4953-4186-b6cb-c7fb232d3998","timestamp":"2025-11-04 01:40:38"}
{"level":"info","message":"📊 Buscando resumo para usuário: 2dec5603-4953-4186-b6cb-c7fb232d3998","timestamp":"2025-11-04 01:40:38"}
{"level":"info","message":"📊 Buscando resumo para usuário: 2dec5603-4953-4186-b6cb-c7fb232d3998","timestamp":"2025-11-04 01:40:38"}
{"level":"info","message":"📋 0 comissões encontradas","timestamp":"2025-11-04 01:40:38"}
{"level":"info","message":"📋 Buscando comissões para líder: 2dec5603-4953-4186-b6cb-c7fb232d3998","timestamp":"2025-11-04 01:40:38"}
{"level":"info","message":"📋 0 comissões encontradas","timestamp":"2025-11-04 01:40:38"}
{"level":"info","message":"📋 Buscando comissões para líder: 2dec5603-4953-4186-b6cb-c7fb232d3998","timestamp":"2025-11-04 01:40:39"}
{"level":"info","message":"📊 Buscando resumo para usuário: 2dec5603-4953-4186-b6cb-c7fb232d3998","timestamp":"2025-11-04 01:40:39"}
{"level":"info","message":"📋 0 comissões encontradas","timestamp":"2025-11-04 01:40:39"}
{"level":"info","message":"📋 Buscando comissões para líder: 2dec5603-4953-4186-b6cb-c7fb232d3998","timestamp":"2025-11-04 01:40:39"}
{"level":"info","message":"📊 Buscando resumo para usuário: 2dec5603-4953-4186-b6cb-c7fb232d3998","timestamp":"2025-11-04 01:40:39"}
{"level":"info","message":"📋 0 comissões encontradas","timestamp":"2025-11-04 01:40:39"}
{"level":"info","message":"📋 Buscando comissões para líder: 2dec5603-4953-4186-b6cb-c7fb232d3998","timestamp":"2025-11-04 01:40:40"}
{"level":"info","message":"📊 Buscando resumo para usuário: 2dec5603-4953-4186-b6cb-c7fb232d3998","timestamp":"2025-11-04 01:40:40"}
{"level":"info","message":"📋 0 comissões encontradas","timestamp":"2025-11-04 01:40:40"}
{"level":"info","message":"📋 Buscando comissões para líder: 2dec5603-4953-4186-b6cb-c7fb232d3998","timestamp":"2025-11-04 01:40:40"}
{"level":"info","message":"📊 Buscando resumo para usuário: 2dec5603-4953-4186-b6cb-c7fb232d3998","timestamp":"2025-11-04 01:40:40"}
{"level":"info","message":"📋 0 comissões encontradas","timestamp":"2025-11-04 01:40:40"}
{"level":"info","message":"📊 Buscando resumo para usuário: 2dec5603-4953-4186-b6cb-c7fb232d3998","timestamp":"2025-11-04 01:40:49"}
{"level":"info","message":"📋 Buscando comissões para líder: 2dec5603-4953-4186-b6cb-c7fb232d3998","timestamp":"2025-11-04 01:40:49"}
{"level":"info","message":"📋 0 comissões encontradas","timestamp":"2025-11-04 01:40:49"}
{"level":"info","message":"📊 Buscando resumo para usuário: 2dec5603-4953-4186-b6cb-c7fb232d3998","timestamp":"2025-11-04 01:40:49"}
{"level":"info","message":"📋 Buscando comissões para líder: 2dec5603-4953-4186-b6cb-c7fb232d3998","timestamp":"2025-11-04 01:40:49"}
{"level":"info","message":"📋 0 comissões encontradas","timestamp":"2025-11-04 01:40:49"}
{"level":"info","message":"📋 Buscando comissões para líder: 2dec5603-4953-4186-b6cb-c7fb232d3998","timestamp":"2025-11-04 01:40:51"}
{"level":"info","message":"📊 Buscando resumo para usuário: 2dec5603-4953-4186-b6cb-c7fb232d3998","timestamp":"2025-11-04 01:40:51"}
{"level":"info","message":"📋 0 comissões encontradas","timestamp":"2025-11-04 01:40:51"}
{"level":"info","message":"📋 Buscando comissões para líder: 2dec5603-4953-4186-b6cb-c7fb232d3998","timestamp":"2025-11-04 01:40:51"}
{"level":"info","message":"📊 Buscando resumo para usuário: 2dec5603-4953-4186-b6cb-c7fb232d3998","timestamp":"2025-11-04 01:40:51"}
{"level":"info","message":"📋 0 comissões encontradas","timestamp":"2025-11-04 01:40:51"}
{"level":"info","message":"✅ Venda criada com sucesso: 842c6d51-8d1c-43a4-befa-b07b7128d9c0","timestamp":"2025-11-04 01:41:18"}
{"level":"info","message":"📝 Processando comissão: memberId=6febce56-0a6e-4b4d-8dce-36e2ab382ca2, saleValue=R$1000","timestamp":"2025-11-04 01:41:18"}
{"level":"info","message":"ℹ️ Líder sem direito a comissão","timestamp":"2025-11-04 01:41:18"}
{"level":"info","message":"✅ Comissão de rede processada para 6febce56-0a6e-4b4d-8dce-36e2ab382ca2","timestamp":"2025-11-04 01:41:18"}
{"level":"info","message":"✅ Notificação de Cesta Básica criada para 6febce56-0a6e-4b4d-8dce-36e2ab382ca2","timestamp":"2025-11-04 01:41:18"}
{"level":"info","message":"✅ Notificação criada para usuário 6febce56-0a6e-4b4d-8dce-36e2ab382ca2: 🎉 Nova Venda Registrada!","timestamp":"2025-11-04 01:41:18"}
{"level":"info","message":"✅ Notificação criada para usuário 6febce56-0a6e-4b4d-8dce-36e2ab382ca2: 🏆 Meta Atingida - Cesta Básica!","timestamp":"2025-11-04 01:41:18"}
{"level":"info","message":"📊 Buscando resumo para usuário: 6febce56-0a6e-4b4d-8dce-36e2ab382ca2","timestamp":"2025-11-04 01:41:23"}
{"level":"info","message":"📋 Buscando comissões para líder: 6febce56-0a6e-4b4d-8dce-36e2ab382ca2","timestamp":"2025-11-04 01:41:23"}
{"level":"info","message":"📋 0 comissões encontradas","timestamp":"2025-11-04 01:41:23"}
{"level":"info","message":"📊 Buscando resumo para usuário: 6febce56-0a6e-4b4d-8dce-36e2ab382ca2","timestamp":"2025-11-04 01:41:23"}
{"level":"info","message":"📋 Buscando comissões para líder: 6febce56-0a6e-4b4d-8dce-36e2ab382ca2","timestamp":"2025-11-04 01:41:23"}
{"level":"info","message":"📋 0 comissões encontradas","timestamp":"2025-11-04 01:41:23"}
{"level":"info","message":"📋 Buscando comissões para líder: 2dec5603-4953-4186-b6cb-c7fb232d3998","timestamp":"2025-11-04 01:41:32"}
{"level":"info","message":"📊 Buscando resumo para usuário: 2dec5603-4953-4186-b6cb-c7fb232d3998","timestamp":"2025-11-04 01:41:32"}
{"level":"info","message":"📋 0 comissões encontradas","timestamp":"2025-11-04 01:41:32"}
{"level":"info","message":"📋 Buscando comissões para líder: 2dec5603-4953-4186-b6cb-c7fb232d3998","timestamp":"2025-11-04 01:41:32"}
{"level":"info","message":"📋 0 comissões encontradas","timestamp":"2025-11-04 01:41:32"}
{"level":"info","message":"📊 Buscando resumo para usuário: 2dec5603-4953-4186-b6cb-c7fb232d3998","timestamp":"2025-11-04 01:41:32"}
{"level":"info","message":"✅ Venda criada com sucesso: c7c51bd7-11ac-4869-90f5-fc3274150f84","timestamp":"2025-11-04 01:41:48"}
{"level":"info","message":"📝 Processando comissão: memberId=2dec5603-4953-4186-b6cb-c7fb232d3998, saleValue=R$10000","timestamp":"2025-11-04 01:41:48"}
{"level":"info","message":"ℹ️ Membro 2dec5603-4953-4186-b6cb-c7fb232d3998 sem líder","timestamp":"2025-11-04 01:41:48"}
{"level":"info","message":"✅ Comissão de rede processada para 2dec5603-4953-4186-b6cb-c7fb232d3998","timestamp":"2025-11-04 01:41:48"}
{"level":"info","message":"✅ Notificação criada para usuário 2dec5603-4953-4186-b6cb-c7fb232d3998: 🎉 Nova Venda Registrada!","timestamp":"2025-11-04 01:41:48"}
{"level":"info","message":"✅ Notificação criada para usuário 2dec5603-4953-4186-b6cb-c7fb232d3998: 🏆 Meta Atingida - Cesta Básica!","timestamp":"2025-11-04 01:41:48"}
{"level":"info","message":"📊 Buscando resumo para usuário: 2dec5603-4953-4186-b6cb-c7fb232d3998","timestamp":"2025-11-04 01:44:59"}
{"level":"info","message":"📋 Buscando comissões para líder: 2dec5603-4953-4186-b6cb-c7fb232d3998","timestamp":"2025-11-04 01:44:59"}
{"level":"info","message":"📊 Buscando resumo para usuário: 2dec5603-4953-4186-b6cb-c7fb232d3998","timestamp":"2025-11-04 01:44:59"}
{"level":"info","message":"📋 0 comissões encontradas","timestamp":"2025-11-04 01:44:59"}
{"level":"info","message":"📋 Buscando comissões para líder: 2dec5603-4953-4186-b6cb-c7fb232d3998","timestamp":"2025-11-04 01:44:59"}
{"level":"info","message":"📋 0 comissões encontradas","timestamp":"2025-11-04 01:44:59"}
{"level":"info","message":"📋 Buscando comissões para líder: 2dec5603-4953-4186-b6cb-c7fb232d3998","timestamp":"2025-11-04 01:45:09"}
{"level":"info","message":"📊 Buscando resumo para usuário: 2dec5603-4953-4186-b6cb-c7fb232d3998","timestamp":"2025-11-04 01:45:09"}
{"level":"info","message":"📋 0 comissões encontradas","timestamp":"2025-11-04 01:45:09"}
{"level":"info","message":"📋 Buscando comissões para líder: 2dec5603-4953-4186-b6cb-c7fb232d3998","timestamp":"2025-11-04 01:45:09"}
{"level":"info","message":"📊 Buscando resumo para usuário: 2dec5603-4953-4186-b6cb-c7fb232d3998","timestamp":"2025-11-04 01:45:09"}
{"level":"info","message":"📋 0 comissões encontradas","timestamp":"2025-11-04 01:45:09"}
{"level":"info","message":"✅ Venda criada com sucesso: 68cf8505-718a-4a22-b1ad-94088d0efe59","timestamp":"2025-11-04 01:45:20"}
{"level":"info","message":"📝 Processando comissão: memberId=6febce56-0a6e-4b4d-8dce-36e2ab382ca2, saleValue=R$10000","timestamp":"2025-11-04 01:45:20"}
{"level":"info","message":"ℹ️ Líder sem direito a comissão","timestamp":"2025-11-04 01:45:20"}
{"level":"info","message":"✅ Comissão de rede processada para 6febce56-0a6e-4b4d-8dce-36e2ab382ca2","timestamp":"2025-11-04 01:45:20"}
{"level":"info","message":"✅ Notificação criada para usuário 6febce56-0a6e-4b4d-8dce-36e2ab382ca2: 🎉 Nova Venda Registrada!","timestamp":"2025-11-04 01:45:20"}
{"level":"info","message":"✅ Notificação criada para usuário 6febce56-0a6e-4b4d-8dce-36e2ab382ca2: 🏆 Meta Atingida - Cesta Básica!","timestamp":"2025-11-04 01:45:20"}
{"level":"info","message":"✅ Notificação e47ceac2-b8b5-48cd-9f42-f5542d65bca0 deletada","timestamp":"2025-11-04 01:45:26"}
{"level":"info","message":"✅ Notificação ce1f52c6-fe32-44e5-a131-66be9ed5e040 deletada","timestamp":"2025-11-04 01:45:27"}
{"level":"info","message":"✅ Notificação 40a144d2-c00b-4fb1-b707-2dd897698971 deletada","timestamp":"2025-11-04 01:45:27"}
{"level":"info","message":"✅ Notificação d746c2a6-e6b7-4a54-993a-616d3b99baa3 deletada","timestamp":"2025-11-04 01:45:27"}
{"level":"info","message":"✅ Notificação 007e7ca3-ebc2-4580-aa7c-9984cebcb92b deletada","timestamp":"2025-11-04 01:45:27"}
{"level":"info","message":"✅ Notificação 7a9cdfcb-2962-412b-ab71-013d5380bbaf deletada","timestamp":"2025-11-04 01:45:27"}
{"level":"info","message":"✅ Notificação 2306867f-0907-456a-9ed6-011153946877 deletada","timestamp":"2025-11-04 01:45:28"}
{"level":"info","message":"✅ Notificação fde9bc76-e1d7-4a99-b3b4-e71b9e974033 deletada","timestamp":"2025-11-04 01:45:28"}
{"level":"info","message":"✅ Notificação d715ec46-525f-4cb3-aa4c-4268e13cd9b9 deletada","timestamp":"2025-11-04 01:45:28"}
{"level":"info","message":"📋 Buscando comissões para líder: 2dec5603-4953-4186-b6cb-c7fb232d3998","timestamp":"2025-11-04 01:45:32"}
{"level":"info","message":"📊 Buscando resumo para usuário: 2dec5603-4953-4186-b6cb-c7fb232d3998","timestamp":"2025-11-04 01:45:32"}
{"level":"info","message":"📋 0 comissões encontradas","timestamp":"2025-11-04 01:45:32"}
{"level":"info","message":"📋 Buscando comissões para líder: 2dec5603-4953-4186-b6cb-c7fb232d3998","timestamp":"2025-11-04 01:45:32"}
{"level":"info","message":"📋 0 comissões encontradas","timestamp":"2025-11-04 01:45:32"}
{"level":"info","message":"📊 Buscando resumo para usuário: 2dec5603-4953-4186-b6cb-c7fb232d3998","timestamp":"2025-11-04 01:45:32"}
{"level":"info","message":"📋 Buscando comissões para líder: 2dec5603-4953-4186-b6cb-c7fb232d3998","timestamp":"2025-11-04 01:45:33"}
{"level":"info","message":"📊 Buscando resumo para usuário: 2dec5603-4953-4186-b6cb-c7fb232d3998","timestamp":"2025-11-04 01:45:33"}
{"level":"info","message":"📋 0 comissões encontradas","timestamp":"2025-11-04 01:45:33"}
{"level":"info","message":"📋 Buscando comissões para líder: 2dec5603-4953-4186-b6cb-c7fb232d3998","timestamp":"2025-11-04 01:45:33"}
{"level":"info","message":"📊 Buscando resumo para usuário: 2dec5603-4953-4186-b6cb-c7fb232d3998","timestamp":"2025-11-04 01:45:33"}
{"level":"info","message":"📋 0 comissões encontradas","timestamp":"2025-11-04 01:45:33"}
{"level":"info","message":"📋 Buscando comissões para líder: 2dec5603-4953-4186-b6cb-c7fb232d3998","timestamp":"2025-11-04 01:45:33"}
{"level":"info","message":"📊 Buscando resumo para usuário: 2dec5603-4953-4186-b6cb-c7fb232d3998","timestamp":"2025-11-04 01:45:33"}
{"level":"info","message":"📋 0 comissões encontradas","timestamp":"2025-11-04 01:45:33"}
{"level":"info","message":"📋 Buscando comissões para líder: 2dec5603-4953-4186-b6cb-c7fb232d3998","timestamp":"2025-11-04 01:45:33"}
{"level":"info","message":"📊 Buscando resumo para usuário: 2dec5603-4953-4186-b6cb-c7fb232d3998","timestamp":"2025-11-04 01:45:33"}
{"level":"info","message":"📋 0 comissões encontradas","timestamp":"2025-11-04 01:45:33"}
{"level":"info","message":"📋 Buscando comissões para líder: 2dec5603-4953-4186-b6cb-c7fb232d3998","timestamp":"2025-11-04 01:45:33"}
{"level":"info","message":"📊 Buscando resumo para usuário: 2dec5603-4953-4186-b6cb-c7fb232d3998","timestamp":"2025-11-04 01:45:33"}
{"level":"info","message":"📋 0 comissões encontradas","timestamp":"2025-11-04 01:45:33"}
{"level":"info","message":"📋 Buscando comissões para líder: 2dec5603-4953-4186-b6cb-c7fb232d3998","timestamp":"2025-11-04 01:45:33"}
{"level":"info","message":"📊 Buscando resumo para usuário: 2dec5603-4953-4186-b6cb-c7fb232d3998","timestamp":"2025-11-04 01:45:33"}
{"level":"info","message":"📋 0 comissões encontradas","timestamp":"2025-11-04 01:45:33"}
{"level":"info","message":"📋 Buscando comissões para líder: 2dec5603-4953-4186-b6cb-c7fb232d3998","timestamp":"2025-11-04 01:45:34"}
{"level":"info","message":"📊 Buscando resumo para usuário: 2dec5603-4953-4186-b6cb-c7fb232d3998","timestamp":"2025-11-04 01:45:34"}
{"level":"info","message":"📋 0 comissões encontradas","timestamp":"2025-11-04 01:45:34"}
{"level":"info","message":"📋 Buscando comissões para líder: 2dec5603-4953-4186-b6cb-c7fb232d3998","timestamp":"2025-11-04 01:45:34"}
{"level":"info","message":"📊 Buscando resumo para usuário: 2dec5603-4953-4186-b6cb-c7fb232d3998","timestamp":"2025-11-04 01:45:34"}
{"level":"info","message":"📋 0 comissões encontradas","timestamp":"2025-11-04 01:45:34"}
{"level":"info","message":"📋 Buscando comissões para líder: 2dec5603-4953-4186-b6cb-c7fb232d3998","timestamp":"2025-11-04 01:45:34"}
{"level":"info","message":"📊 Buscando resumo para usuário: 2dec5603-4953-4186-b6cb-c7fb232d3998","timestamp":"2025-11-04 01:45:34"}
{"level":"info","message":"📋 0 comissões encontradas","timestamp":"2025-11-04 01:45:34"}
{"level":"info","message":"📋 Buscando comissões para líder: 2dec5603-4953-4186-b6cb-c7fb232d3998","timestamp":"2025-11-04 01:45:34"}
{"level":"info","message":"📊 Buscando resumo para usuário: 2dec5603-4953-4186-b6cb-c7fb232d3998","timestamp":"2025-11-04 01:45:34"}
{"level":"info","message":"📋 0 comissões encontradas","timestamp":"2025-11-04 01:45:34"}
{"level":"info","message":"📋 Buscando comissões para líder: 2dec5603-4953-4186-b6cb-c7fb232d3998","timestamp":"2025-11-04 01:45:34"}
{"level":"info","message":"📊 Buscando resumo para usuário: 2dec5603-4953-4186-b6cb-c7fb232d3998","timestamp":"2025-11-04 01:45:34"}
{"level":"info","message":"📋 0 comissões encontradas","timestamp":"2025-11-04 01:45:34"}
{"level":"info","message":"📋 Buscando comissões para líder: 2dec5603-4953-4186-b6cb-c7fb232d3998","timestamp":"2025-11-04 01:45:34"}
{"level":"info","message":"📊 Buscando resumo para usuário: 2dec5603-4953-4186-b6cb-c7fb232d3998","timestamp":"2025-11-04 01:45:34"}
{"level":"info","message":"📋 0 comissões encontradas","timestamp":"2025-11-04 01:45:34"}
{"level":"info","message":"📋 Buscando comissões para líder: 2dec5603-4953-4186-b6cb-c7fb232d3998","timestamp":"2025-11-04 01:45:34"}
{"level":"info","message":"📊 Buscando resumo para usuário: 2dec5603-4953-4186-b6cb-c7fb232d3998","timestamp":"2025-11-04 01:45:34"}
{"level":"info","message":"📋 0 comissões encontradas","timestamp":"2025-11-04 01:45:34"}
{"level":"info","message":"📋 Buscando comissões para líder: 2dec5603-4953-4186-b6cb-c7fb232d3998","timestamp":"2025-11-04 01:45:34"}
{"level":"info","message":"📊 Buscando resumo para usuário: 2dec5603-4953-4186-b6cb-c7fb232d3998","timestamp":"2025-11-04 01:45:34"}
{"level":"info","message":"📋 0 comissões encontradas","timestamp":"2025-11-04 01:45:34"}
{"level":"info","message":"📋 Buscando comissões para líder: 2dec5603-4953-4186-b6cb-c7fb232d3998","timestamp":"2025-11-04 01:45:34"}
{"level":"info","message":"📊 Buscando resumo para usuário: 2dec5603-4953-4186-b6cb-c7fb232d3998","timestamp":"2025-11-04 01:45:34"}
{"level":"info","message":"📋 0 comissões encontradas","timestamp":"2025-11-04 01:45:34"}
{"level":"info","message":"📋 Buscando comissões para líder: 2dec5603-4953-4186-b6cb-c7fb232d3998","timestamp":"2025-11-04 01:45:34"}
{"level":"info","message":"📊 Buscando resumo para usuário: 2dec5603-4953-4186-b6cb-c7fb232d3998","timestamp":"2025-11-04 01:45:34"}
{"level":"info","message":"📋 0 comissões encontradas","timestamp":"2025-11-04 01:45:34"}
{"level":"info","message":"📊 Buscando resumo para usuário: 2dec5603-4953-4186-b6cb-c7fb232d3998","timestamp":"2025-11-04 01:45:34"}
{"level":"info","message":"📋 Buscando comissões para líder: 2dec5603-4953-4186-b6cb-c7fb232d3998","timestamp":"2025-11-04 01:45:34"}
{"level":"info","message":"📋 0 comissões encontradas","timestamp":"2025-11-04 01:45:34"}
{"level":"info","message":"📊 Buscando resumo para usuário: 2dec5603-4953-4186-b6cb-c7fb232d3998","timestamp":"2025-11-04 01:45:34"}
{"level":"info","message":"📋 Buscando comissões para líder: 2dec5603-4953-4186-b6cb-c7fb232d3998","timestamp":"2025-11-04 01:45:34"}
{"level":"info","message":"📋 0 comissões encontradas","timestamp":"2025-11-04 01:45:34"}
{"level":"info","message":"✅ Notificação a2a6b052-9521-4c15-b4f5-3c7821e25118 deletada","timestamp":"2025-11-04 01:45:37"}
{"level":"info","message":"✅ Notificação 43cba3b6-f6f5-4c81-bc64-31b6487d77a4 deletada","timestamp":"2025-11-04 01:45:37"}
{"level":"info","message":"📋 Buscando comissões para líder: 6febce56-0a6e-4b4d-8dce-36e2ab382ca2","timestamp":"2025-11-04 01:52:36"}
{"level":"info","message":"📊 Buscando resumo para usuário: 6febce56-0a6e-4b4d-8dce-36e2ab382ca2","timestamp":"2025-11-04 01:52:36"}
{"level":"info","message":"📋 0 comissões encontradas","timestamp":"2025-11-04 01:52:36"}
{"level":"info","message":"📋 Buscando comissões para líder: 6febce56-0a6e-4b4d-8dce-36e2ab382ca2","timestamp":"2025-11-04 01:52:36"}
{"level":"info","message":"📋 0 comissões encontradas","timestamp":"2025-11-04 01:52:36"}
{"level":"info","message":"📊 Buscando resumo para usuário: 6febce56-0a6e-4b4d-8dce-36e2ab382ca2","timestamp":"2025-11-04 01:52:36"}
{"level":"info","message":"📋 Buscando comissões para líder: 6febce56-0a6e-4b4d-8dce-36e2ab382ca2","timestamp":"2025-11-04 01:52:40"}
{"level":"info","message":"📊 Buscando resumo para usuário: 6febce56-0a6e-4b4d-8dce-36e2ab382ca2","timestamp":"2025-11-04 01:52:40"}
{"level":"info","message":"📋 0 comissões encontradas","timestamp":"2025-11-04 01:52:40"}
{"level":"info","message":"📋 Buscando comissões para líder: 6febce56-0a6e-4b4d-8dce-36e2ab382ca2","timestamp":"2025-11-04 01:52:40"}
{"level":"info","message":"📊 Buscando resumo para usuário: 6febce56-0a6e-4b4d-8dce-36e2ab382ca2","timestamp":"2025-11-04 01:52:40"}
{"level":"info","message":"📋 0 comissões encontradas","timestamp":"2025-11-04 01:52:40"}
{"level":"info","message":"📊 Buscando resumo para usuário: 6febce56-0a6e-4b4d-8dce-36e2ab382ca2","timestamp":"2025-11-04 01:52:48"}
{"level":"info","message":"📋 Buscando comissões para líder: 6febce56-0a6e-4b4d-8dce-36e2ab382ca2","timestamp":"2025-11-04 01:52:48"}
{"level":"info","message":"📋 0 comissões encontradas","timestamp":"2025-11-04 01:52:48"}
{"level":"info","message":"📋 Buscando comissões para líder: 6febce56-0a6e-4b4d-8dce-36e2ab382ca2","timestamp":"2025-11-04 01:52:48"}
{"level":"info","message":"📊 Buscando resumo para usuário: 6febce56-0a6e-4b4d-8dce-36e2ab382ca2","timestamp":"2025-11-04 01:52:48"}
{"level":"info","message":"📋 0 comissões encontradas","timestamp":"2025-11-04 01:52:48"}
{"level":"info","message":"📋 Buscando comissões para líder: 6febce56-0a6e-4b4d-8dce-36e2ab382ca2","timestamp":"2025-11-04 01:52:48"}
{"level":"info","message":"📊 Buscando resumo para usuário: 6febce56-0a6e-4b4d-8dce-36e2ab382ca2","timestamp":"2025-11-04 01:52:48"}
{"level":"info","message":"📋 0 comissões encontradas","timestamp":"2025-11-04 01:52:48"}
{"level":"info","message":"📋 Buscando comissões para líder: 6febce56-0a6e-4b4d-8dce-36e2ab382ca2","timestamp":"2025-11-04 01:52:48"}
{"level":"info","message":"📊 Buscando resumo para usuário: 6febce56-0a6e-4b4d-8dce-36e2ab382ca2","timestamp":"2025-11-04 01:52:48"}
{"level":"info","message":"📊 Buscando resumo para usuário: 6febce56-0a6e-4b4d-8dce-36e2ab382ca2","timestamp":"2025-11-04 01:52:48"}
{"level":"info","message":"📋 0 comissões encontradas","timestamp":"2025-11-04 01:52:48"}
{"level":"info","message":"📋 Buscando comissões para líder: 6febce56-0a6e-4b4d-8dce-36e2ab382ca2","timestamp":"2025-11-04 01:52:48"}
{"level":"info","message":"📋 0 comissões encontradas","timestamp":"2025-11-04 01:52:48"}
{"level":"info","message":"📋 Buscando comissões para líder: 6febce56-0a6e-4b4d-8dce-36e2ab382ca2","timestamp":"2025-11-04 01:52:48"}
{"level":"info","message":"📊 Buscando resumo para usuário: 6febce56-0a6e-4b4d-8dce-36e2ab382ca2","timestamp":"2025-11-04 01:52:48"}
{"level":"info","message":"📋 0 comissões encontradas","timestamp":"2025-11-04 01:52:48"}
{"level":"info","message":"📋 Buscando comissões para líder: 6febce56-0a6e-4b4d-8dce-36e2ab382ca2","timestamp":"2025-11-04 01:52:49"}
{"level":"info","message":"📊 Buscando resumo para usuário: 6febce56-0a6e-4b4d-8dce-36e2ab382ca2","timestamp":"2025-11-04 01:52:49"}
{"level":"info","message":"📋 0 comissões encontradas","timestamp":"2025-11-04 01:52:49"}
{"level":"info","message":"📋 Buscando comissões para líder: 6febce56-0a6e-4b4d-8dce-36e2ab382ca2","timestamp":"2025-11-04 01:52:49"}
{"level":"info","message":"📊 Buscando resumo para usuário: 6febce56-0a6e-4b4d-8dce-36e2ab382ca2","timestamp":"2025-11-04 01:52:49"}
{"level":"info","message":"📋 0 comissões encontradas","timestamp":"2025-11-04 01:52:49"}
{"level":"info","message":"📋 Buscando comissões para líder: 6febce56-0a6e-4b4d-8dce-36e2ab382ca2","timestamp":"2025-11-04 01:52:49"}
{"level":"info","message":"📊 Buscando resumo para usuário: 6febce56-0a6e-4b4d-8dce-36e2ab382ca2","timestamp":"2025-11-04 01:52:49"}
{"level":"info","message":"📋 0 comissões encontradas","timestamp":"2025-11-04 01:52:49"}
{"level":"info","message":"📋 Buscando comissões para líder: 6febce56-0a6e-4b4d-8dce-36e2ab382ca2","timestamp":"2025-11-04 01:52:49"}
{"level":"info","message":"📊 Buscando resumo para usuário: 6febce56-0a6e-4b4d-8dce-36e2ab382ca2","timestamp":"2025-11-04 01:52:49"}
{"level":"info","message":"📋 0 comissões encontradas","timestamp":"2025-11-04 01:52:49"}
{"level":"info","message":"📋 Buscando comissões para líder: 6febce56-0a6e-4b4d-8dce-36e2ab382ca2","timestamp":"2025-11-04 01:52:49"}
{"level":"info","message":"📊 Buscando resumo para usuário: 6febce56-0a6e-4b4d-8dce-36e2ab382ca2","timestamp":"2025-11-04 01:52:49"}
{"level":"info","message":"📋 0 comissões encontradas","timestamp":"2025-11-04 01:52:49"}
{"level":"info","message":"📋 Buscando comissões para líder: 6febce56-0a6e-4b4d-8dce-36e2ab382ca2","timestamp":"2025-11-04 01:52:49"}
{"level":"info","message":"📊 Buscando resumo para usuário: 6febce56-0a6e-4b4d-8dce-36e2ab382ca2","timestamp":"2025-11-04 01:52:49"}
{"level":"info","message":"📋 0 comissões encontradas","timestamp":"2025-11-04 01:52:49"}
{"level":"info","message":"📋 Buscando comissões para líder: 6febce56-0a6e-4b4d-8dce-36e2ab382ca2","timestamp":"2025-11-04 01:52:49"}
{"level":"info","message":"📊 Buscando resumo para usuário: 6febce56-0a6e-4b4d-8dce-36e2ab382ca2","timestamp":"2025-11-04 01:52:49"}
{"level":"info","message":"📋 0 comissões encontradas","timestamp":"2025-11-04 01:52:49"}
{"level":"info","message":"📋 Buscando comissões para líder: 6febce56-0a6e-4b4d-8dce-36e2ab382ca2","timestamp":"2025-11-04 01:52:49"}
{"level":"info","message":"📊 Buscando resumo para usuário: 6febce56-0a6e-4b4d-8dce-36e2ab382ca2","timestamp":"2025-11-04 01:52:49"}
{"level":"info","message":"📋 0 comissões encontradas","timestamp":"2025-11-04 01:52:49"}
{"level":"info","message":"📋 Buscando comissões para líder: 6febce56-0a6e-4b4d-8dce-36e2ab382ca2","timestamp":"2025-11-04 01:52:49"}
{"level":"info","message":"📊 Buscando resumo para usuário: 6febce56-0a6e-4b4d-8dce-36e2ab382ca2","timestamp":"2025-11-04 01:52:49"}
{"level":"info","message":"📋 0 comissões encontradas","timestamp":"2025-11-04 01:52:49"}
{"level":"info","message":"📋 Buscando comissões para líder: 6febce56-0a6e-4b4d-8dce-36e2ab382ca2","timestamp":"2025-11-04 01:52:49"}
{"level":"info","message":"📊 Buscando resumo para usuário: 6febce56-0a6e-4b4d-8dce-36e2ab382ca2","timestamp":"2025-11-04 01:52:49"}
{"level":"info","message":"📋 0 comissões encontradas","timestamp":"2025-11-04 01:52:49"}
{"level":"info","message":"📋 Buscando comissões para líder: 6febce56-0a6e-4b4d-8dce-36e2ab382ca2","timestamp":"2025-11-04 01:52:49"}
{"level":"info","message":"📊 Buscando resumo para usuário: 6febce56-0a6e-4b4d-8dce-36e2ab382ca2","timestamp":"2025-11-04 01:52:49"}
{"level":"info","message":"📋 0 comissões encontradas","timestamp":"2025-11-04 01:52:49"}
{"level":"info","message":"📋 Buscando comissões para líder: 6febce56-0a6e-4b4d-8dce-36e2ab382ca2","timestamp":"2025-11-04 01:52:50"}
{"level":"info","message":"📊 Buscando resumo para usuário: 6febce56-0a6e-4b4d-8dce-36e2ab382ca2","timestamp":"2025-11-04 01:52:50"}
{"level":"info","message":"📋 0 comissões encontradas","timestamp":"2025-11-04 01:52:50"}
{"level":"info","message":"📋 Buscando comissões para líder: 6febce56-0a6e-4b4d-8dce-36e2ab382ca2","timestamp":"2025-11-04 01:52:50"}
{"level":"info","message":"📊 Buscando resumo para usuário: 6febce56-0a6e-4b4d-8dce-36e2ab382ca2","timestamp":"2025-11-04 01:52:50"}
{"level":"info","message":"📋 0 comissões encontradas","timestamp":"2025-11-04 01:52:50"}
{"level":"info","message":"📋 Buscando comissões para líder: 6febce56-0a6e-4b4d-8dce-36e2ab382ca2","timestamp":"2025-11-04 01:52:50"}
{"level":"info","message":"📊 Buscando resumo para usuário: 6febce56-0a6e-4b4d-8dce-36e2ab382ca2","timestamp":"2025-11-04 01:52:50"}
{"level":"info","message":"📋 0 comissões encontradas","timestamp":"2025-11-04 01:52:50"}
{"level":"info","message":"📋 Buscando comissões para líder: 6febce56-0a6e-4b4d-8dce-36e2ab382ca2","timestamp":"2025-11-04 01:52:50"}
{"level":"info","message":"📊 Buscando resumo para usuário: 6febce56-0a6e-4b4d-8dce-36e2ab382ca2","timestamp":"2025-11-04 01:52:50"}
{"level":"info","message":"📋 0 comissões encontradas","timestamp":"2025-11-04 01:52:50"}
{"level":"info","message":"📋 Buscando comissões para líder: 6febce56-0a6e-4b4d-8dce-36e2ab382ca2","timestamp":"2025-11-04 01:52:50"}
{"level":"info","message":"📊 Buscando resumo para usuário: 6febce56-0a6e-4b4d-8dce-36e2ab382ca2","timestamp":"2025-11-04 01:52:50"}
{"level":"info","message":"📋 0 comissões encontradas","timestamp":"2025-11-04 01:52:50"}
{"level":"info","message":"📋 Buscando comissões para líder: 6febce56-0a6e-4b4d-8dce-36e2ab382ca2","timestamp":"2025-11-04 01:52:50"}
{"level":"info","message":"📊 Buscando resumo para usuário: 6febce56-0a6e-4b4d-8dce-36e2ab382ca2","timestamp":"2025-11-04 01:52:50"}
{"level":"info","message":"📋 0 comissões encontradas","timestamp":"2025-11-04 01:52:50"}
{"level":"info","message":"📋 Buscando comissões para líder: 2dec5603-4953-4186-b6cb-c7fb232d3998","timestamp":"2025-11-04 01:52:53"}
{"level":"info","message":"📋 0 comissões encontradas","timestamp":"2025-11-04 01:52:53"}
{"level":"info","message":"📊 Buscando resumo para usuário: 2dec5603-4953-4186-b6cb-c7fb232d3998","timestamp":"2025-11-04 01:52:53"}
{"level":"info","message":"📋 Buscando comissões para líder: 2dec5603-4953-4186-b6cb-c7fb232d3998","timestamp":"2025-11-04 01:52:53"}
{"level":"info","message":"📋 0 comissões encontradas","timestamp":"2025-11-04 01:52:53"}
{"level":"info","message":"📊 Buscando resumo para usuário: 2dec5603-4953-4186-b6cb-c7fb232d3998","timestamp":"2025-11-04 01:52:53"}
{"level":"info","message":"📋 Buscando comissões para líder: 2dec5603-4953-4186-b6cb-c7fb232d3998","timestamp":"2025-11-04 01:52:53"}
{"level":"info","message":"📊 Buscando resumo para usuário: 2dec5603-4953-4186-b6cb-c7fb232d3998","timestamp":"2025-11-04 01:52:53"}
{"level":"info","message":"📋 0 comissões encontradas","timestamp":"2025-11-04 01:52:53"}
{"level":"info","message":"📋 Buscando comissões para líder: 2dec5603-4953-4186-b6cb-c7fb232d3998","timestamp":"2025-11-04 01:52:53"}
{"level":"info","message":"📊 Buscando resumo para usuário: 2dec5603-4953-4186-b6cb-c7fb232d3998","timestamp":"2025-11-04 01:52:53"}
{"level":"info","message":"📋 0 comissões encontradas","timestamp":"2025-11-04 01:52:53"}
{"level":"info","message":"📋 Buscando comissões para líder: 2dec5603-4953-4186-b6cb-c7fb232d3998","timestamp":"2025-11-04 01:52:54"}
{"level":"info","message":"📊 Buscando resumo para usuário: 2dec5603-4953-4186-b6cb-c7fb232d3998","timestamp":"2025-11-04 01:52:54"}
{"level":"info","message":"📋 0 comissões encontradas","timestamp":"2025-11-04 01:52:54"}
{"level":"info","message":"📋 Buscando comissões para líder: 2dec5603-4953-4186-b6cb-c7fb232d3998","timestamp":"2025-11-04 01:52:54"}
{"level":"info","message":"📊 Buscando resumo para usuário: 2dec5603-4953-4186-b6cb-c7fb232d3998","timestamp":"2025-11-04 01:52:54"}
{"level":"info","message":"📋 0 comissões encontradas","timestamp":"2025-11-04 01:52:54"}
{"level":"info","message":"📋 Buscando comissões para líder: 2dec5603-4953-4186-b6cb-c7fb232d3998","timestamp":"2025-11-04 01:52:54"}
{"level":"info","message":"📊 Buscando resumo para usuário: 2dec5603-4953-4186-b6cb-c7fb232d3998","timestamp":"2025-11-04 01:52:54"}
{"level":"info","message":"📋 0 comissões encontradas","timestamp":"2025-11-04 01:52:54"}
{"level":"info","message":"📋 Buscando comissões para líder: 2dec5603-4953-4186-b6cb-c7fb232d3998","timestamp":"2025-11-04 01:52:54"}
{"level":"info","message":"📊 Buscando resumo para usuário: 2dec5603-4953-4186-b6cb-c7fb232d3998","timestamp":"2025-11-04 01:52:54"}
{"level":"info","message":"📋 0 comissões encontradas","timestamp":"2025-11-04 01:52:54"}
{"level":"info","message":"📋 Buscando comissões para líder: 2dec5603-4953-4186-b6cb-c7fb232d3998","timestamp":"2025-11-04 01:52:54"}
{"level":"info","message":"📊 Buscando resumo para usuário: 2dec5603-4953-4186-b6cb-c7fb232d3998","timestamp":"2025-11-04 01:52:54"}
{"level":"info","message":"📋 0 comissões encontradas","timestamp":"2025-11-04 01:52:54"}
{"level":"info","message":"📋 Buscando comissões para líder: 2dec5603-4953-4186-b6cb-c7fb232d3998","timestamp":"2025-11-04 01:52:54"}
{"level":"info","message":"📊 Buscando resumo para usuário: 2dec5603-4953-4186-b6cb-c7fb232d3998","timestamp":"2025-11-04 01:52:54"}
{"level":"info","message":"📋 0 comissões encontradas","timestamp":"2025-11-04 01:52:54"}
{"level":"info","message":"📋 Buscando comissões para líder: 2dec5603-4953-4186-b6cb-c7fb232d3998","timestamp":"2025-11-04 01:52:54"}
{"level":"info","message":"📊 Buscando resumo para usuário: 2dec5603-4953-4186-b6cb-c7fb232d3998","timestamp":"2025-11-04 01:52:54"}
{"level":"info","message":"📋 0 comissões encontradas","timestamp":"2025-11-04 01:52:54"}
{"level":"info","message":"📋 Buscando comissões para líder: 2dec5603-4953-4186-b6cb-c7fb232d3998","timestamp":"2025-11-04 01:52:54"}
{"level":"info","message":"📊 Buscando resumo para usuário: 2dec5603-4953-4186-b6cb-c7fb232d3998","timestamp":"2025-11-04 01:52:54"}
{"level":"info","message":"📋 0 comissões encontradas","timestamp":"2025-11-04 01:52:54"}
{"level":"info","message":"📋 Buscando comissões para líder: 2dec5603-4953-4186-b6cb-c7fb232d3998","timestamp":"2025-11-04 01:52:55"}
{"level":"info","message":"📊 Buscando resumo para usuário: 2dec5603-4953-4186-b6cb-c7fb232d3998","timestamp":"2025-11-04 01:52:55"}
{"level":"info","message":"📋 0 comissões encontradas","timestamp":"2025-11-04 01:52:55"}
{"level":"info","message":"📋 Buscando comissões para líder: 2dec5603-4953-4186-b6cb-c7fb232d3998","timestamp":"2025-11-04 01:52:55"}
{"level":"info","message":"📊 Buscando resumo para usuário: 2dec5603-4953-4186-b6cb-c7fb232d3998","timestamp":"2025-11-04 01:52:55"}
{"level":"info","message":"📋 0 comissões encontradas","timestamp":"2025-11-04 01:52:55"}
{"level":"info","message":"📋 Buscando comissões para líder: 2dec5603-4953-4186-b6cb-c7fb232d3998","timestamp":"2025-11-04 01:52:55"}
{"level":"info","message":"📊 Buscando resumo para usuário: 2dec5603-4953-4186-b6cb-c7fb232d3998","timestamp":"2025-11-04 01:52:55"}
{"level":"info","message":"📋 0 comissões encontradas","timestamp":"2025-11-04 01:52:55"}
{"level":"info","message":"📋 Buscando comissões para líder: 2dec5603-4953-4186-b6cb-c7fb232d3998","timestamp":"2025-11-04 01:52:55"}
{"level":"info","message":"📊 Buscando resumo para usuário: 2dec5603-4953-4186-b6cb-c7fb232d3998","timestamp":"2025-11-04 01:52:55"}
{"level":"info","message":"📋 0 comissões encontradas","timestamp":"2025-11-04 01:52:55"}
{"level":"info","message":"📊 Buscando resumo para usuário: 2dec5603-4953-4186-b6cb-c7fb232d3998","timestamp":"2025-11-04 01:55:23"}
{"level":"info","message":"📋 Buscando comissões para líder: 2dec5603-4953-4186-b6cb-c7fb232d3998","timestamp":"2025-11-04 01:55:23"}
{"level":"info","message":"📋 Buscando comissões para: 2dec5603-4953-4186-b6cb-c7fb232d3998","timestamp":"2025-11-04 01:55:23"}
{"level":"info","message":"📊 Buscando resumo para usuário: 2dec5603-4953-4186-b6cb-c7fb232d3998","timestamp":"2025-11-04 01:55:23"}
{"level":"info","message":"✅ Encontradas 0 comissões","timestamp":"2025-11-04 01:55:23"}
{"level":"info","message":"📋 Buscando comissões para líder: 2dec5603-4953-4186-b6cb-c7fb232d3998","timestamp":"2025-11-04 01:55:23"}
{"level":"info","message":"📋 Buscando comissões para: 2dec5603-4953-4186-b6cb-c7fb232d3998","timestamp":"2025-11-04 01:55:23"}
{"level":"info","message":"✅ Encontradas 0 comissões","timestamp":"2025-11-04 01:55:23"}
{"level":"info","message":"✅ Venda criada com sucesso: a0015c21-e419-43e8-a0f1-dd8ff3d66fcb","timestamp":"2025-11-04 01:56:06"}
{"level":"info","message":"📝 [COMISSÃO] Iniciando para membro: 6febce56-0a6e-4b4d-8dce-36e2ab382ca2","timestamp":"2025-11-04 01:56:06"}
{"level":"info","message":"📝 [COMISSÃO] Valor: R$1000, Pontos: 500","timestamp":"2025-11-04 01:56:06"}
{"level":"info","message":"🔍 [COMISSÃO] Buscando líder...","timestamp":"2025-11-04 01:56:06"}
{"level":"info","message":"🔍 [COMISSÃO] Resultado líder: 1 linhas","timestamp":"2025-11-04 01:56:06"}
{"level":"info","message":"✅ [COMISSÃO] Líder encontrado: 2dec5603-4953-4186-b6cb-c7fb232d3998","timestamp":"2025-11-04 01:56:06"}
{"level":"info","message":"✅ [COMISSÃO] Role do líder: consultant","timestamp":"2025-11-04 01:56:06"}
{"level":"info","message":"✅ [COMISSÃO] Taxa: 0%","timestamp":"2025-11-04 01:56:06"}
{"level":"info","message":"⚠️ [COMISSÃO] Líder tem taxa 0%","timestamp":"2025-11-04 01:56:06"}
{"level":"info","message":"✅ Comissão de rede processada para 6febce56-0a6e-4b4d-8dce-36e2ab382ca2","timestamp":"2025-11-04 01:56:06"}
{"level":"info","message":"✅ Notificação criada para usuário 6febce56-0a6e-4b4d-8dce-36e2ab382ca2: 🎉 Nova Venda Registrada!","timestamp":"2025-11-04 01:56:06"}
{"level":"info","message":"✅ Notificação criada para usuário 6febce56-0a6e-4b4d-8dce-36e2ab382ca2: 🏆 Meta Atingida - Cesta Básica!","timestamp":"2025-11-04 01:56:06"}
{"level":"info","message":"📋 Buscando comissões para líder: 2dec5603-4953-4186-b6cb-c7fb232d3998","timestamp":"2025-11-04 01:56:10"}
{"level":"info","message":"📋 Buscando comissões para: 2dec5603-4953-4186-b6cb-c7fb232d3998","timestamp":"2025-11-04 01:56:10"}
{"level":"info","message":"📊 Buscando resumo para usuário: 2dec5603-4953-4186-b6cb-c7fb232d3998","timestamp":"2025-11-04 01:56:10"}
{"level":"info","message":"📊 Buscando resumo para usuário: 2dec5603-4953-4186-b6cb-c7fb232d3998","timestamp":"2025-11-04 01:56:10"}
{"level":"info","message":"✅ Encontradas 0 comissões","timestamp":"2025-11-04 01:56:10"}
{"level":"info","message":"📋 Buscando comissões para líder: 2dec5603-4953-4186-b6cb-c7fb232d3998","timestamp":"2025-11-04 01:56:10"}
{"level":"info","message":"📋 Buscando comissões para: 2dec5603-4953-4186-b6cb-c7fb232d3998","timestamp":"2025-11-04 01:56:10"}
{"level":"info","message":"✅ Encontradas 0 comissões","timestamp":"2025-11-04 01:56:10"}
{"level":"info","message":"📋 Buscando comissões para líder: 6febce56-0a6e-4b4d-8dce-36e2ab382ca2","timestamp":"2025-11-04 01:56:43"}
{"level":"info","message":"📋 Buscando comissões para: 6febce56-0a6e-4b4d-8dce-36e2ab382ca2","timestamp":"2025-11-04 01:56:43"}
{"level":"info","message":"📊 Buscando resumo para usuário: 6febce56-0a6e-4b4d-8dce-36e2ab382ca2","timestamp":"2025-11-04 01:56:43"}
{"level":"info","message":"✅ Encontradas 0 comissões","timestamp":"2025-11-04 01:56:43"}
{"level":"info","message":"📋 Buscando comissões para líder: 6febce56-0a6e-4b4d-8dce-36e2ab382ca2","timestamp":"2025-11-04 01:56:43"}
{"level":"info","message":"📋 Buscando comissões para: 6febce56-0a6e-4b4d-8dce-36e2ab382ca2","timestamp":"2025-11-04 01:56:43"}
{"level":"info","message":"✅ Encontradas 0 comissões","timestamp":"2025-11-04 01:56:43"}
{"level":"info","message":"📊 Buscando resumo para usuário: 6febce56-0a6e-4b4d-8dce-36e2ab382ca2","timestamp":"2025-11-04 01:56:43"}
{"level":"info","message":"📋 Buscando comissões para líder: 2dec5603-4953-4186-b6cb-c7fb232d3998","timestamp":"2025-11-04 01:56:47"}
{"level":"info","message":"📋 Buscando comissões para: 2dec5603-4953-4186-b6cb-c7fb232d3998","timestamp":"2025-11-04 01:56:47"}
{"level":"info","message":"✅ Encontradas 0 comissões","timestamp":"2025-11-04 01:56:47"}
{"level":"info","message":"📋 Buscando comissões para líder: 2dec5603-4953-4186-b6cb-c7fb232d3998","timestamp":"2025-11-04 01:56:47"}
{"level":"info","message":"📋 Buscando comissões para: 2dec5603-4953-4186-b6cb-c7fb232d3998","timestamp":"2025-11-04 01:56:47"}
{"level":"info","message":"✅ Encontradas 0 comissões","timestamp":"2025-11-04 01:56:47"}
{"level":"info","message":"📊 Buscando resumo para usuário: 2dec5603-4953-4186-b6cb-c7fb232d3998","timestamp":"2025-11-04 01:56:47"}
{"level":"info","message":"📊 Buscando resumo para usuário: 2dec5603-4953-4186-b6cb-c7fb232d3998","timestamp":"2025-11-04 01:56:47"}
{"level":"info","message":"📋 Buscando comissões para líder: 2dec5603-4953-4186-b6cb-c7fb232d3998","timestamp":"2025-11-04 01:58:48"}
{"level":"info","message":"📋 Buscando comissões para: 2dec5603-4953-4186-b6cb-c7fb232d3998","timestamp":"2025-11-04 01:58:48"}
{"level":"info","message":"📊 Buscando resumo para usuário: 2dec5603-4953-4186-b6cb-c7fb232d3998","timestamp":"2025-11-04 01:58:48"}
{"level":"info","message":"📊 Buscando resumo para usuário: 2dec5603-4953-4186-b6cb-c7fb232d3998","timestamp":"2025-11-04 01:58:48"}
{"level":"info","message":"✅ Encontradas 0 comissões","timestamp":"2025-11-04 01:58:48"}
{"level":"info","message":"📋 Buscando comissões para líder: 2dec5603-4953-4186-b6cb-c7fb232d3998","timestamp":"2025-11-04 01:58:48"}
{"level":"info","message":"📋 Buscando comissões para: 2dec5603-4953-4186-b6cb-c7fb232d3998","timestamp":"2025-11-04 01:58:48"}
{"level":"info","message":"✅ Encontradas 0 comissões","timestamp":"2025-11-04 01:58:48"}
{"level":"info","message":"📋 Buscando comissões para líder: 2dec5603-4953-4186-b6cb-c7fb232d3998","timestamp":"2025-11-04 01:58:49"}
{"level":"info","message":"📋 Buscando comissões para: 2dec5603-4953-4186-b6cb-c7fb232d3998","timestamp":"2025-11-04 01:58:49"}
{"level":"info","message":"📊 Buscando resumo para usuário: 2dec5603-4953-4186-b6cb-c7fb232d3998","timestamp":"2025-11-04 01:58:49"}
{"level":"info","message":"✅ Encontradas 0 comissões","timestamp":"2025-11-04 01:58:49"}
{"level":"info","message":"📋 Buscando comissões para líder: 2dec5603-4953-4186-b6cb-c7fb232d3998","timestamp":"2025-11-04 01:58:49"}
{"level":"info","message":"📋 Buscando comissões para: 2dec5603-4953-4186-b6cb-c7fb232d3998","timestamp":"2025-11-04 01:58:49"}
{"level":"info","message":"✅ Encontradas 0 comissões","timestamp":"2025-11-04 01:58:49"}
{"level":"info","message":"📊 Buscando resumo para usuário: 2dec5603-4953-4186-b6cb-c7fb232d3998","timestamp":"2025-11-04 01:58:49"}
{"level":"info","message":"✅ Venda criada com sucesso: f0b28642-07c4-480d-872f-3395484a062c","timestamp":"2025-11-04 01:59:03"}
{"level":"info","message":"📝 [COMISSÃO] Iniciando para membro: 6febce56-0a6e-4b4d-8dce-36e2ab382ca2","timestamp":"2025-11-04 01:59:03"}
{"level":"info","message":"📝 [COMISSÃO] Valor: R$1000, Pontos: 800","timestamp":"2025-11-04 01:59:03"}
{"level":"info","message":"🔍 [COMISSÃO] Buscando líder...","timestamp":"2025-11-04 01:59:03"}
{"level":"info","message":"🔍 [COMISSÃO] Resultado líder: 1 linhas","timestamp":"2025-11-04 01:59:03"}
{"level":"info","message":"✅ [COMISSÃO] Líder encontrado: 2dec5603-4953-4186-b6cb-c7fb232d3998","timestamp":"2025-11-04 01:59:03"}
{"level":"info","message":"✅ [COMISSÃO] Role do líder: master_consultant","timestamp":"2025-11-04 01:59:03"}
{"level":"info","message":"✅ [COMISSÃO] Taxa: 2%","timestamp":"2025-11-04 01:59:03"}
{"level":"info","message":"💰 [COMISSÃO] Valor calculado: R$20.00","timestamp":"2025-11-04 01:59:03"}
{"level":"info","message":"💾 [COMISSÃO] Inserindo no banco...","timestamp":"2025-11-04 01:59:03"}
{"level":"error","message":"❌ [COMISSÃO] ERRO: null value in column \"sale_id\" of relation \"network_commissions\" violates not-null constraint","timestamp":"2025-11-04 01:59:03"}
{"level":"error","message":"❌ [COMISSÃO] Stack: error: null value in column \"sale_id\" of relation \"network_commissions\" violates not-null constraint\n    at /usr/src/app/node_modules/pg-pool/index.js:45:11\n    at process.processTicksAndRejections (node:internal/process/task_queues:95:5)\n    at async CommissionService.processNetworkCommission (/usr/src/app/src/modules/commissions/commission.service.ts:57:28)\n    at async SalesService.createSale (/usr/src/app/src/modules/sales/sales.service.ts:158:9)\n    at async SalesController.createSale (/usr/src/app/src/modules/sales/sales.controller.ts:77:22)","timestamp":"2025-11-04 01:59:04"}
{"level":"info","message":"✅ Comissão de rede processada para 6febce56-0a6e-4b4d-8dce-36e2ab382ca2","timestamp":"2025-11-04 01:59:04"}
{"level":"info","message":"✅ Notificação criada para usuário 6febce56-0a6e-4b4d-8dce-36e2ab382ca2: 🎉 Nova Venda Registrada!","timestamp":"2025-11-04 01:59:04"}
{"level":"info","message":"✅ Notificação criada para usuário 6febce56-0a6e-4b4d-8dce-36e2ab382ca2: 🏆 Meta Atingida - Cesta Básica!","timestamp":"2025-11-04 01:59:04"}
{"level":"info","message":"📋 Buscando comissões para líder: 6febce56-0a6e-4b4d-8dce-36e2ab382ca2","timestamp":"2025-11-04 01:59:06"}
{"level":"info","message":"📋 Buscando comissões para: 6febce56-0a6e-4b4d-8dce-36e2ab382ca2","timestamp":"2025-11-04 01:59:06"}
{"level":"info","message":"📊 Buscando resumo para usuário: 6febce56-0a6e-4b4d-8dce-36e2ab382ca2","timestamp":"2025-11-04 01:59:06"}
{"level":"info","message":"✅ Encontradas 0 comissões","timestamp":"2025-11-04 01:59:06"}
{"level":"info","message":"📋 Buscando comissões para líder: 6febce56-0a6e-4b4d-8dce-36e2ab382ca2","timestamp":"2025-11-04 01:59:06"}
{"level":"info","message":"📋 Buscando comissões para: 6febce56-0a6e-4b4d-8dce-36e2ab382ca2","timestamp":"2025-11-04 01:59:06"}
{"level":"info","message":"📊 Buscando resumo para usuário: 6febce56-0a6e-4b4d-8dce-36e2ab382ca2","timestamp":"2025-11-04 01:59:06"}
{"level":"info","message":"✅ Encontradas 0 comissões","timestamp":"2025-11-04 01:59:06"}
{"level":"info","message":"📋 Buscando comissões para líder: 2dec5603-4953-4186-b6cb-c7fb232d3998","timestamp":"2025-11-04 01:59:09"}
{"level":"info","message":"📋 Buscando comissões para: 2dec5603-4953-4186-b6cb-c7fb232d3998","timestamp":"2025-11-04 01:59:09"}
{"level":"info","message":"📊 Buscando resumo para usuário: 2dec5603-4953-4186-b6cb-c7fb232d3998","timestamp":"2025-11-04 01:59:09"}
{"level":"info","message":"✅ Encontradas 0 comissões","timestamp":"2025-11-04 01:59:09"}
{"level":"info","message":"📋 Buscando comissões para líder: 2dec5603-4953-4186-b6cb-c7fb232d3998","timestamp":"2025-11-04 01:59:09"}
{"level":"info","message":"📋 Buscando comissões para: 2dec5603-4953-4186-b6cb-c7fb232d3998","timestamp":"2025-11-04 01:59:09"}
{"level":"info","message":"📊 Buscando resumo para usuário: 2dec5603-4953-4186-b6cb-c7fb232d3998","timestamp":"2025-11-04 01:59:09"}
{"level":"info","message":"✅ Encontradas 0 comissões","timestamp":"2025-11-04 01:59:09"}
{"level":"info","message":"📋 Buscando comissões para líder: 2dec5603-4953-4186-b6cb-c7fb232d3998","timestamp":"2025-11-04 01:59:10"}
{"level":"info","message":"📋 Buscando comissões para: 2dec5603-4953-4186-b6cb-c7fb232d3998","timestamp":"2025-11-04 01:59:10"}
{"level":"info","message":"📊 Buscando resumo para usuário: 2dec5603-4953-4186-b6cb-c7fb232d3998","timestamp":"2025-11-04 01:59:10"}
{"level":"info","message":"✅ Encontradas 0 comissões","timestamp":"2025-11-04 01:59:10"}
{"level":"info","message":"📋 Buscando comissões para líder: 2dec5603-4953-4186-b6cb-c7fb232d3998","timestamp":"2025-11-04 01:59:11"}
{"level":"info","message":"📋 Buscando comissões para: 2dec5603-4953-4186-b6cb-c7fb232d3998","timestamp":"2025-11-04 01:59:11"}
{"level":"info","message":"✅ Encontradas 0 comissões","timestamp":"2025-11-04 01:59:11"}
{"level":"info","message":"📊 Buscando resumo para usuário: 2dec5603-4953-4186-b6cb-c7fb232d3998","timestamp":"2025-11-04 01:59:11"}
{"level":"info","message":"📊 Buscando resumo para usuário: 2dec5603-4953-4186-b6cb-c7fb232d3998","timestamp":"2025-11-04 01:59:23"}
{"level":"info","message":"📋 Buscando comissões para líder: 2dec5603-4953-4186-b6cb-c7fb232d3998","timestamp":"2025-11-04 01:59:23"}
{"level":"info","message":"📋 Buscando comissões para: 2dec5603-4953-4186-b6cb-c7fb232d3998","timestamp":"2025-11-04 01:59:23"}
{"level":"info","message":"✅ Encontradas 0 comissões","timestamp":"2025-11-04 01:59:23"}
{"level":"info","message":"📋 Buscando comissões para líder: 2dec5603-4953-4186-b6cb-c7fb232d3998","timestamp":"2025-11-04 01:59:23"}
{"level":"info","message":"📋 Buscando comissões para: 2dec5603-4953-4186-b6cb-c7fb232d3998","timestamp":"2025-11-04 01:59:23"}
{"level":"info","message":"✅ Encontradas 0 comissões","timestamp":"2025-11-04 01:59:23"}
{"level":"info","message":"📊 Buscando resumo para usuário: 2dec5603-4953-4186-b6cb-c7fb232d3998","timestamp":"2025-11-04 01:59:24"}
{"level":"info","message":"📋 Buscando comissões para líder: 2dec5603-4953-4186-b6cb-c7fb232d3998","timestamp":"2025-11-04 01:59:24"}
{"level":"info","message":"📋 Buscando comissões para: 2dec5603-4953-4186-b6cb-c7fb232d3998","timestamp":"2025-11-04 01:59:24"}
{"level":"info","message":"📊 Buscando resumo para usuário: 2dec5603-4953-4186-b6cb-c7fb232d3998","timestamp":"2025-11-04 01:59:24"}
{"level":"info","message":"✅ Encontradas 0 comissões","timestamp":"2025-11-04 01:59:24"}
{"level":"info","message":"📊 Buscando resumo para usuário: 2dec5603-4953-4186-b6cb-c7fb232d3998","timestamp":"2025-11-04 01:59:24"}
{"level":"info","message":"📋 Buscando comissões para líder: 2dec5603-4953-4186-b6cb-c7fb232d3998","timestamp":"2025-11-04 01:59:24"}
{"level":"info","message":"📋 Buscando comissões para: 2dec5603-4953-4186-b6cb-c7fb232d3998","timestamp":"2025-11-04 01:59:24"}
{"level":"info","message":"✅ Encontradas 0 comissões","timestamp":"2025-11-04 01:59:24"}
{"level":"info","message":"📋 Buscando comissões para líder: 2dec5603-4953-4186-b6cb-c7fb232d3998","timestamp":"2025-11-04 01:59:25"}
{"level":"info","message":"📋 Buscando comissões para: 2dec5603-4953-4186-b6cb-c7fb232d3998","timestamp":"2025-11-04 01:59:25"}
{"level":"info","message":"📊 Buscando resumo para usuário: 2dec5603-4953-4186-b6cb-c7fb232d3998","timestamp":"2025-11-04 01:59:25"}
{"level":"info","message":"✅ Encontradas 0 comissões","timestamp":"2025-11-04 01:59:25"}
{"level":"info","message":"📊 Buscando resumo para usuário: 2dec5603-4953-4186-b6cb-c7fb232d3998","timestamp":"2025-11-04 01:59:25"}
{"level":"info","message":"📋 Buscando comissões para líder: 2dec5603-4953-4186-b6cb-c7fb232d3998","timestamp":"2025-11-04 01:59:25"}
{"level":"info","message":"📋 Buscando comissões para: 2dec5603-4953-4186-b6cb-c7fb232d3998","timestamp":"2025-11-04 01:59:25"}
{"level":"info","message":"✅ Encontradas 0 comissões","timestamp":"2025-11-04 01:59:25"}
{"level":"info","message":"📋 Buscando comissões para líder: 2dec5603-4953-4186-b6cb-c7fb232d3998","timestamp":"2025-11-04 01:59:26"}
{"level":"info","message":"📋 Buscando comissões para: 2dec5603-4953-4186-b6cb-c7fb232d3998","timestamp":"2025-11-04 01:59:26"}
{"level":"info","message":"📊 Buscando resumo para usuário: 2dec5603-4953-4186-b6cb-c7fb232d3998","timestamp":"2025-11-04 01:59:26"}
{"level":"info","message":"✅ Encontradas 0 comissões","timestamp":"2025-11-04 01:59:26"}
{"level":"info","message":"📋 Buscando comissões para líder: 2dec5603-4953-4186-b6cb-c7fb232d3998","timestamp":"2025-11-04 01:59:26"}
{"level":"info","message":"📋 Buscando comissões para: 2dec5603-4953-4186-b6cb-c7fb232d3998","timestamp":"2025-11-04 01:59:26"}
{"level":"info","message":"📊 Buscando resumo para usuário: 2dec5603-4953-4186-b6cb-c7fb232d3998","timestamp":"2025-11-04 01:59:26"}
{"level":"info","message":"✅ Encontradas 0 comissões","timestamp":"2025-11-04 01:59:26"}
{"level":"info","message":"📊 Buscando resumo para usuário: 2dec5603-4953-4186-b6cb-c7fb232d3998","timestamp":"2025-11-04 01:59:36"}
{"level":"info","message":"📋 Buscando comissões para líder: 2dec5603-4953-4186-b6cb-c7fb232d3998","timestamp":"2025-11-04 01:59:36"}
{"level":"info","message":"📋 Buscando comissões para: 2dec5603-4953-4186-b6cb-c7fb232d3998","timestamp":"2025-11-04 01:59:36"}
{"level":"info","message":"📊 Buscando resumo para usuário: 2dec5603-4953-4186-b6cb-c7fb232d3998","timestamp":"2025-11-04 01:59:36"}
{"level":"info","message":"✅ Encontradas 0 comissões","timestamp":"2025-11-04 01:59:36"}
{"level":"info","message":"📋 Buscando comissões para líder: 2dec5603-4953-4186-b6cb-c7fb232d3998","timestamp":"2025-11-04 01:59:36"}
{"level":"info","message":"📋 Buscando comissões para: 2dec5603-4953-4186-b6cb-c7fb232d3998","timestamp":"2025-11-04 01:59:36"}
{"level":"info","message":"✅ Encontradas 0 comissões","timestamp":"2025-11-04 01:59:36"}
{"level":"info","message":"📋 Buscando comissões para líder: 2dec5603-4953-4186-b6cb-c7fb232d3998","timestamp":"2025-11-04 01:59:37"}
{"level":"info","message":"📋 Buscando comissões para: 2dec5603-4953-4186-b6cb-c7fb232d3998","timestamp":"2025-11-04 01:59:37"}
{"level":"info","message":"📊 Buscando resumo para usuário: 2dec5603-4953-4186-b6cb-c7fb232d3998","timestamp":"2025-11-04 01:59:37"}
{"level":"info","message":"✅ Encontradas 0 comissões","timestamp":"2025-11-04 01:59:37"}
{"level":"info","message":"📋 Buscando comissões para líder: 2dec5603-4953-4186-b6cb-c7fb232d3998","timestamp":"2025-11-04 01:59:37"}
{"level":"info","message":"📋 Buscando comissões para: 2dec5603-4953-4186-b6cb-c7fb232d3998","timestamp":"2025-11-04 01:59:37"}
{"level":"info","message":"📊 Buscando resumo para usuário: 2dec5603-4953-4186-b6cb-c7fb232d3998","timestamp":"2025-11-04 01:59:37"}
{"level":"info","message":"✅ Encontradas 0 comissões","timestamp":"2025-11-04 01:59:37"}
{"level":"info","message":"📋 Buscando comissões para líder: 2dec5603-4953-4186-b6cb-c7fb232d3998","timestamp":"2025-11-04 01:59:37"}
{"level":"info","message":"📋 Buscando comissões para: 2dec5603-4953-4186-b6cb-c7fb232d3998","timestamp":"2025-11-04 01:59:37"}
{"level":"info","message":"📊 Buscando resumo para usuário: 2dec5603-4953-4186-b6cb-c7fb232d3998","timestamp":"2025-11-04 01:59:37"}
{"level":"info","message":"✅ Encontradas 0 comissões","timestamp":"2025-11-04 01:59:37"}
{"level":"info","message":"📋 Buscando comissões para líder: 2dec5603-4953-4186-b6cb-c7fb232d3998","timestamp":"2025-11-04 01:59:37"}
{"level":"info","message":"📋 Buscando comissões para: 2dec5603-4953-4186-b6cb-c7fb232d3998","timestamp":"2025-11-04 01:59:37"}
{"level":"info","message":"📊 Buscando resumo para usuário: 2dec5603-4953-4186-b6cb-c7fb232d3998","timestamp":"2025-11-04 01:59:37"}
{"level":"info","message":"✅ Encontradas 0 comissões","timestamp":"2025-11-04 01:59:37"}
{"level":"info","message":"📋 Buscando comissões para líder: 2dec5603-4953-4186-b6cb-c7fb232d3998","timestamp":"2025-11-04 01:59:38"}
{"level":"info","message":"📋 Buscando comissões para: 2dec5603-4953-4186-b6cb-c7fb232d3998","timestamp":"2025-11-04 01:59:38"}
{"level":"info","message":"📊 Buscando resumo para usuário: 2dec5603-4953-4186-b6cb-c7fb232d3998","timestamp":"2025-11-04 01:59:38"}
{"level":"info","message":"✅ Encontradas 0 comissões","timestamp":"2025-11-04 01:59:38"}
{"level":"info","message":"📋 Buscando comissões para líder: 2dec5603-4953-4186-b6cb-c7fb232d3998","timestamp":"2025-11-04 01:59:39"}
{"level":"info","message":"📋 Buscando comissões para: 2dec5603-4953-4186-b6cb-c7fb232d3998","timestamp":"2025-11-04 01:59:39"}
{"level":"info","message":"📊 Buscando resumo para usuário: 2dec5603-4953-4186-b6cb-c7fb232d3998","timestamp":"2025-11-04 01:59:39"}
{"level":"info","message":"✅ Encontradas 0 comissões","timestamp":"2025-11-04 01:59:39"}
{"level":"info","message":"📋 Buscando comissões para líder: 2dec5603-4953-4186-b6cb-c7fb232d3998","timestamp":"2025-11-04 01:59:39"}
{"level":"info","message":"📋 Buscando comissões para: 2dec5603-4953-4186-b6cb-c7fb232d3998","timestamp":"2025-11-04 01:59:39"}
{"level":"info","message":"📊 Buscando resumo para usuário: 2dec5603-4953-4186-b6cb-c7fb232d3998","timestamp":"2025-11-04 01:59:39"}
{"level":"info","message":"✅ Encontradas 0 comissões","timestamp":"2025-11-04 01:59:39"}
{"level":"info","message":"📋 Buscando comissões para líder: 2dec5603-4953-4186-b6cb-c7fb232d3998","timestamp":"2025-11-04 01:59:40"}
{"level":"info","message":"📋 Buscando comissões para: 2dec5603-4953-4186-b6cb-c7fb232d3998","timestamp":"2025-11-04 01:59:40"}
{"level":"info","message":"📊 Buscando resumo para usuário: 2dec5603-4953-4186-b6cb-c7fb232d3998","timestamp":"2025-11-04 01:59:40"}
{"level":"info","message":"✅ Encontradas 0 comissões","timestamp":"2025-11-04 01:59:40"}
{"level":"info","message":"📋 Buscando comissões para líder: 2dec5603-4953-4186-b6cb-c7fb232d3998","timestamp":"2025-11-04 01:59:40"}
{"level":"info","message":"📋 Buscando comissões para: 2dec5603-4953-4186-b6cb-c7fb232d3998","timestamp":"2025-11-04 01:59:40"}
{"level":"info","message":"📊 Buscando resumo para usuário: 2dec5603-4953-4186-b6cb-c7fb232d3998","timestamp":"2025-11-04 01:59:40"}
{"level":"info","message":"✅ Encontradas 0 comissões","timestamp":"2025-11-04 01:59:40"}
{"level":"info","message":"📋 Buscando comissões para líder: 2dec5603-4953-4186-b6cb-c7fb232d3998","timestamp":"2025-11-04 01:59:41"}
{"level":"info","message":"📋 Buscando comissões para: 2dec5603-4953-4186-b6cb-c7fb232d3998","timestamp":"2025-11-04 01:59:41"}
{"level":"info","message":"📊 Buscando resumo para usuário: 2dec5603-4953-4186-b6cb-c7fb232d3998","timestamp":"2025-11-04 01:59:41"}
{"level":"info","message":"✅ Encontradas 0 comissões","timestamp":"2025-11-04 01:59:41"}
{"level":"info","message":"📋 Buscando comissões para líder: 2dec5603-4953-4186-b6cb-c7fb232d3998","timestamp":"2025-11-04 01:59:41"}
{"level":"info","message":"📋 Buscando comissões para: 2dec5603-4953-4186-b6cb-c7fb232d3998","timestamp":"2025-11-04 01:59:41"}
{"level":"info","message":"📊 Buscando resumo para usuário: 2dec5603-4953-4186-b6cb-c7fb232d3998","timestamp":"2025-11-04 01:59:41"}
{"level":"info","message":"✅ Encontradas 0 comissões","timestamp":"2025-11-04 01:59:41"}
{"level":"info","message":"📋 Buscando comissões para líder: 2dec5603-4953-4186-b6cb-c7fb232d3998","timestamp":"2025-11-04 02:02:32"}
{"level":"info","message":"📋 Buscando comissões para: 2dec5603-4953-4186-b6cb-c7fb232d3998","timestamp":"2025-11-04 02:02:32"}
{"level":"info","message":"📊 Buscando resumo para usuário: 2dec5603-4953-4186-b6cb-c7fb232d3998","timestamp":"2025-11-04 02:02:32"}
{"level":"info","message":"✅ Encontradas 0 comissões","timestamp":"2025-11-04 02:02:32"}
{"level":"info","message":"📋 Buscando comissões para líder: 2dec5603-4953-4186-b6cb-c7fb232d3998","timestamp":"2025-11-04 02:02:32"}
{"level":"info","message":"📋 Buscando comissões para: 2dec5603-4953-4186-b6cb-c7fb232d3998","timestamp":"2025-11-04 02:02:32"}
{"level":"info","message":"✅ Encontradas 0 comissões","timestamp":"2025-11-04 02:02:32"}
{"level":"info","message":"📊 Buscando resumo para usuário: 2dec5603-4953-4186-b6cb-c7fb232d3998","timestamp":"2025-11-04 02:02:32"}
{"level":"info","message":"📋 Buscando comissões para líder: 2dec5603-4953-4186-b6cb-c7fb232d3998","timestamp":"2025-11-04 02:02:33"}
{"level":"info","message":"📋 Buscando comissões para: 2dec5603-4953-4186-b6cb-c7fb232d3998","timestamp":"2025-11-04 02:02:33"}
{"level":"info","message":"📊 Buscando resumo para usuário: 2dec5603-4953-4186-b6cb-c7fb232d3998","timestamp":"2025-11-04 02:02:33"}
{"level":"info","message":"📊 Buscando resumo para usuário: 2dec5603-4953-4186-b6cb-c7fb232d3998","timestamp":"2025-11-04 02:02:33"}
{"level":"info","message":"✅ Encontradas 0 comissões","timestamp":"2025-11-04 02:02:33"}
{"level":"info","message":"📋 Buscando comissões para líder: 2dec5603-4953-4186-b6cb-c7fb232d3998","timestamp":"2025-11-04 02:02:33"}
{"level":"info","message":"📋 Buscando comissões para: 2dec5603-4953-4186-b6cb-c7fb232d3998","timestamp":"2025-11-04 02:02:33"}
{"level":"info","message":"✅ Encontradas 0 comissões","timestamp":"2025-11-04 02:02:33"}
{"level":"info","message":"✅ Venda criada com sucesso: 6fd5a137-abf3-4008-9699-598125ec5c76","timestamp":"2025-11-04 02:04:42"}
{"level":"info","message":"📝 [COMISSÃO] Iniciando para membro: 6febce56-0a6e-4b4d-8dce-36e2ab382ca2","timestamp":"2025-11-04 02:04:42"}
{"level":"info","message":"📝 [COMISSÃO] Valor: R$1111.11, Pontos: 100","timestamp":"2025-11-04 02:04:42"}
{"level":"info","message":"🔍 [COMISSÃO] Buscando líder...","timestamp":"2025-11-04 02:04:42"}
{"level":"info","message":"🔍 [COMISSÃO] Resultado líder: 1 linhas","timestamp":"2025-11-04 02:04:42"}
{"level":"info","message":"✅ [COMISSÃO] Líder encontrado: 2dec5603-4953-4186-b6cb-c7fb232d3998","timestamp":"2025-11-04 02:04:42"}
{"level":"info","message":"✅ [COMISSÃO] Role do líder: master_consultant","timestamp":"2025-11-04 02:04:42"}
{"level":"info","message":"✅ [COMISSÃO] Taxa: 2%","timestamp":"2025-11-04 02:04:42"}
{"level":"info","message":"💰 [COMISSÃO] Valor calculado: R$22.22","timestamp":"2025-11-04 02:04:42"}
{"level":"info","message":"💾 [COMISSÃO] Inserindo no banco...","timestamp":"2025-11-04 02:04:42"}
{"level":"error","message":"❌ [COMISSÃO] ERRO: null value in column \"sale_id\" of relation \"network_commissions\" violates not-null constraint","timestamp":"2025-11-04 02:04:42"}
{"level":"error","message":"❌ [COMISSÃO] Stack: error: null value in column \"sale_id\" of relation \"network_commissions\" violates not-null constraint\n    at /usr/src/app/node_modules/pg-pool/index.js:45:11\n    at process.processTicksAndRejections (node:internal/process/task_queues:95:5)\n    at async CommissionService.processNetworkCommission (/usr/src/app/src/modules/commissions/commission.service.ts:57:28)\n    at async SalesService.createSale (/usr/src/app/src/modules/sales/sales.service.ts:158:9)\n    at async SalesController.createSale (/usr/src/app/src/modules/sales/sales.controller.ts:77:22)","timestamp":"2025-11-04 02:04:42"}
{"level":"info","message":"✅ Comissão de rede processada para 6febce56-0a6e-4b4d-8dce-36e2ab382ca2","timestamp":"2025-11-04 02:04:42"}
{"level":"info","message":"✅ Notificação criada para usuário 6febce56-0a6e-4b4d-8dce-36e2ab382ca2: 🎉 Nova Venda Registrada!","timestamp":"2025-11-04 02:04:42"}
{"level":"info","message":"✅ Notificação criada para usuário 6febce56-0a6e-4b4d-8dce-36e2ab382ca2: 🏆 Meta Atingida - Cesta Básica!","timestamp":"2025-11-04 02:04:42"}
{"level":"info","message":"📋 Buscando comissões para líder: 2dec5603-4953-4186-b6cb-c7fb232d3998","timestamp":"2025-11-04 02:09:19"}
{"level":"info","message":"📋 Buscando comissões para: 2dec5603-4953-4186-b6cb-c7fb232d3998","timestamp":"2025-11-04 02:09:19"}
{"level":"info","message":"📊 Buscando resumo para usuário: 2dec5603-4953-4186-b6cb-c7fb232d3998","timestamp":"2025-11-04 02:09:19"}
{"level":"info","message":"✅ Encontradas 0 comissões","timestamp":"2025-11-04 02:09:19"}
{"level":"info","message":"📋 Buscando comissões para líder: 2dec5603-4953-4186-b6cb-c7fb232d3998","timestamp":"2025-11-04 02:09:19"}
{"level":"info","message":"📋 Buscando comissões para: 2dec5603-4953-4186-b6cb-c7fb232d3998","timestamp":"2025-11-04 02:09:19"}
{"level":"info","message":"✅ Encontradas 0 comissões","timestamp":"2025-11-04 02:09:19"}
{"level":"info","message":"📊 Buscando resumo para usuário: 2dec5603-4953-4186-b6cb-c7fb232d3998","timestamp":"2025-11-04 02:09:19"}
{"level":"info","message":"🎉 VENDA CRIADA: 2d338d76-ed8a-4030-90d0-e33bb21d9df6","timestamp":"2025-11-04 02:09:40"}
{"level":"info","message":"✅ TRANSAÇÃO COMMITADA - Venda: 2d338d76-ed8a-4030-90d0-e33bb21d9df6","timestamp":"2025-11-04 02:09:40"}
{"level":"info","message":"📝 INICIANDO PROCESSAMENTO DE COMISSÃO...","timestamp":"2025-11-04 02:09:40"}
{"level":"info","message":"📝 [COMISSÃO] Iniciando para membro: 6febce56-0a6e-4b4d-8dce-36e2ab382ca2","timestamp":"2025-11-04 02:09:40"}
{"level":"info","message":"💰 [COMISSÃO] Valor: R$20.00","timestamp":"2025-11-04 02:09:40"}
{"level":"info","message":"💾 [COMISSÃO] Inserindo no banco...","timestamp":"2025-11-04 02:09:40"}
{"level":"error","message":"❌ [COMISSÃO] ERRO: null value in column \"line_level\" of relation \"network_commissions\" violates not-null constraint","timestamp":"2025-11-04 02:09:40"}
{"level":"error","message":"❌ [COMISSÃO] Stack: error: null value in column \"line_level\" of relation \"network_commissions\" violates not-null constraint\n    at /usr/src/app/node_modules/pg-pool/index.js:45:11\n    at process.processTicksAndRejections (node:internal/process/task_queues:95:5)\n    at async CommissionService.processNetworkCommission (/usr/src/app/src/modules/commissions/commission.service.ts:50:26)\n    at async SalesService.createSale (/usr/src/app/src/modules/sales/sales.service.ts:158:9)\n    at async SalesController.createSale (/usr/src/app/src/modules/sales/sales.controller.ts:77:22)","timestamp":"2025-11-04 02:09:40"}
{"level":"info","message":"✅ PROCESSAMENTO DE COMISSÃO FINALIZADO","timestamp":"2025-11-04 02:09:40"}
{"level":"info","message":"✅ Notificação criada para usuário 6febce56-0a6e-4b4d-8dce-36e2ab382ca2: 🎉 Nova Venda Registrada!","timestamp":"2025-11-04 02:09:40"}
{"level":"info","message":"✅ Notificação criada para usuário 6febce56-0a6e-4b4d-8dce-36e2ab382ca2: 🏆 Meta Atingida - Cesta Básica!","timestamp":"2025-11-04 02:09:40"}
{"level":"info","message":"✅ Notificação 96e093ed-ae38-4796-8708-f3d0f1d027d1 deletada","timestamp":"2025-11-04 02:09:43"}
{"level":"info","message":"✅ Notificação 0c2d993e-485d-4ff8-93d4-475af1e8591c deletada","timestamp":"2025-11-04 02:09:44"}
{"level":"info","message":"✅ Notificação 4b8e9d31-bd9b-4efe-80f8-67c4f637dbeb deletada","timestamp":"2025-11-04 02:09:44"}
{"level":"info","message":"✅ Notificação 8ce18439-db4c-4134-805b-947b6c086ed1 deletada","timestamp":"2025-11-04 02:09:44"}
{"level":"info","message":"✅ Notificação e7bda166-f2a5-4a4e-b8cf-1a2acb7b9857 deletada","timestamp":"2025-11-04 02:09:44"}
{"level":"info","message":"✅ Notificação 093c27a1-0a8a-4556-8fa2-62931790190a deletada","timestamp":"2025-11-04 02:09:44"}
{"level":"info","message":"✅ Notificação 3372bfb4-f0d4-41c4-82dc-e4a637ea855e deletada","timestamp":"2025-11-04 02:09:44"}
{"level":"info","message":"✅ Notificação aa425ed7-af94-443d-b72b-7f93cb7c5de0 deletada","timestamp":"2025-11-04 02:09:45"}
{"level":"info","message":"🎉 VENDA CRIADA: 8789b2b1-5ef2-4a4d-9bcf-0a8dcdb1e021","timestamp":"2025-11-04 02:14:50"}
{"level":"info","message":"✅ TRANSAÇÃO COMMITADA - Venda: 8789b2b1-5ef2-4a4d-9bcf-0a8dcdb1e021","timestamp":"2025-11-04 02:14:50"}
{"level":"info","message":"📝 INICIANDO PROCESSAMENTO DE COMISSÃO...","timestamp":"2025-11-04 02:14:50"}
{"level":"info","message":"📝 [COMISSÃO] Iniciando para membro: 6febce56-0a6e-4b4d-8dce-36e2ab382ca2","timestamp":"2025-11-04 02:14:50"}
{"level":"info","message":"💰 [COMISSÃO] Valor: R$20.00","timestamp":"2025-11-04 02:14:50"}
{"level":"info","message":"💾 [COMISSÃO] Inserindo no banco...","timestamp":"2025-11-04 02:14:50"}
{"level":"info","message":"✅ [COMISSÃO] Inserida com sucesso!","timestamp":"2025-11-04 02:14:50"}
{"level":"info","message":"✅ [COMISSÃO] ID: 8335109c-2c89-4b8e-a3b6-fe5f9a179261","timestamp":"2025-11-04 02:14:50"}
{"level":"info","message":"✅ [COMISSÃO] Valor: R$20.00","timestamp":"2025-11-04 02:14:50"}
{"level":"info","message":"✅ PROCESSAMENTO DE COMISSÃO FINALIZADO","timestamp":"2025-11-04 02:14:50"}
{"level":"info","message":"✅ Notificação criada para usuário 6febce56-0a6e-4b4d-8dce-36e2ab382ca2: 🎉 Nova Venda Registrada!","timestamp":"2025-11-04 02:14:50"}
{"level":"info","message":"✅ Notificação criada para usuário 6febce56-0a6e-4b4d-8dce-36e2ab382ca2: 🏆 Meta Atingida - Cesta Básica!","timestamp":"2025-11-04 02:14:50"}
{"level":"info","message":"📋 Buscando comissões para líder: 2dec5603-4953-4186-b6cb-c7fb232d3998","timestamp":"2025-11-04 02:15:02"}
{"level":"info","message":"📋 Buscando comissões para: 2dec5603-4953-4186-b6cb-c7fb232d3998","timestamp":"2025-11-04 02:15:02"}
{"level":"info","message":"📊 Buscando resumo para usuário: 2dec5603-4953-4186-b6cb-c7fb232d3998","timestamp":"2025-11-04 02:15:02"}
{"level":"info","message":"✅ Encontradas 1 comissões","timestamp":"2025-11-04 02:15:02"}
{"level":"info","message":"📋 Buscando comissões para líder: 2dec5603-4953-4186-b6cb-c7fb232d3998","timestamp":"2025-11-04 02:15:02"}
{"level":"info","message":"📋 Buscando comissões para: 2dec5603-4953-4186-b6cb-c7fb232d3998","timestamp":"2025-11-04 02:15:02"}
{"level":"info","message":"✅ Encontradas 1 comissões","timestamp":"2025-11-04 02:15:02"}
{"level":"info","message":"📊 Buscando resumo para usuário: 2dec5603-4953-4186-b6cb-c7fb232d3998","timestamp":"2025-11-04 02:15:02"}
{"level":"info","message":"📊 Buscando resumo para usuário: 2dec5603-4953-4186-b6cb-c7fb232d3998","timestamp":"2025-11-04 02:15:33"}
{"level":"info","message":"📋 Buscando comissões para líder: 2dec5603-4953-4186-b6cb-c7fb232d3998","timestamp":"2025-11-04 02:15:33"}
{"level":"info","message":"📋 Buscando comissões para: 2dec5603-4953-4186-b6cb-c7fb232d3998","timestamp":"2025-11-04 02:15:33"}
{"level":"info","message":"📊 Buscando resumo para usuário: 2dec5603-4953-4186-b6cb-c7fb232d3998","timestamp":"2025-11-04 02:15:33"}
{"level":"info","message":"✅ Encontradas 1 comissões","timestamp":"2025-11-04 02:15:33"}
{"level":"info","message":"📋 Buscando comissões para líder: 2dec5603-4953-4186-b6cb-c7fb232d3998","timestamp":"2025-11-04 02:15:33"}
{"level":"info","message":"📋 Buscando comissões para: 2dec5603-4953-4186-b6cb-c7fb232d3998","timestamp":"2025-11-04 02:15:33"}
{"level":"info","message":"✅ Encontradas 1 comissões","timestamp":"2025-11-04 02:15:33"}
{"level":"info","message":"📋 Buscando comissões para líder: 2dec5603-4953-4186-b6cb-c7fb232d3998","timestamp":"2025-11-04 02:15:46"}
{"level":"info","message":"📋 Buscando comissões para: 2dec5603-4953-4186-b6cb-c7fb232d3998","timestamp":"2025-11-04 02:15:46"}
{"level":"info","message":"✅ Encontradas 1 comissões","timestamp":"2025-11-04 02:15:46"}
{"level":"info","message":"📊 Buscando resumo para usuário: 2dec5603-4953-4186-b6cb-c7fb232d3998","timestamp":"2025-11-04 02:15:46"}
{"level":"info","message":"📋 Buscando comissões para líder: 2dec5603-4953-4186-b6cb-c7fb232d3998","timestamp":"2025-11-04 02:15:46"}
{"level":"info","message":"📋 Buscando comissões para: 2dec5603-4953-4186-b6cb-c7fb232d3998","timestamp":"2025-11-04 02:15:46"}
{"level":"info","message":"📊 Buscando resumo para usuário: 2dec5603-4953-4186-b6cb-c7fb232d3998","timestamp":"2025-11-04 02:15:46"}
{"level":"info","message":"✅ Encontradas 1 comissões","timestamp":"2025-11-04 02:15:46"}
{"level":"info","message":"📋 Buscando comissões para líder: 2dec5603-4953-4186-b6cb-c7fb232d3998","timestamp":"2025-11-04 02:15:48"}
{"level":"info","message":"📋 Buscando comissões para: 2dec5603-4953-4186-b6cb-c7fb232d3998","timestamp":"2025-11-04 02:15:48"}
{"level":"info","message":"📊 Buscando resumo para usuário: 2dec5603-4953-4186-b6cb-c7fb232d3998","timestamp":"2025-11-04 02:15:48"}
{"level":"info","message":"📊 Buscando resumo para usuário: 2dec5603-4953-4186-b6cb-c7fb232d3998","timestamp":"2025-11-04 02:15:48"}
{"level":"info","message":"✅ Encontradas 1 comissões","timestamp":"2025-11-04 02:15:48"}
{"level":"info","message":"📋 Buscando comissões para líder: 2dec5603-4953-4186-b6cb-c7fb232d3998","timestamp":"2025-11-04 02:15:48"}
{"level":"info","message":"📋 Buscando comissões para: 2dec5603-4953-4186-b6cb-c7fb232d3998","timestamp":"2025-11-04 02:15:48"}
{"level":"info","message":"✅ Encontradas 1 comissões","timestamp":"2025-11-04 02:15:48"}
{"level":"info","message":"📋 Buscando comissões para líder: 2dec5603-4953-4186-b6cb-c7fb232d3998","timestamp":"2025-11-04 02:15:49"}
{"level":"info","message":"📋 Buscando comissões para: 2dec5603-4953-4186-b6cb-c7fb232d3998","timestamp":"2025-11-04 02:15:49"}
{"level":"info","message":"📊 Buscando resumo para usuário: 2dec5603-4953-4186-b6cb-c7fb232d3998","timestamp":"2025-11-04 02:15:49"}
{"level":"info","message":"✅ Encontradas 1 comissões","timestamp":"2025-11-04 02:15:49"}
{"level":"info","message":"📋 Buscando comissões para líder: 2dec5603-4953-4186-b6cb-c7fb232d3998","timestamp":"2025-11-04 02:15:49"}
{"level":"info","message":"📋 Buscando comissões para: 2dec5603-4953-4186-b6cb-c7fb232d3998","timestamp":"2025-11-04 02:15:49"}
{"level":"info","message":"📊 Buscando resumo para usuário: 2dec5603-4953-4186-b6cb-c7fb232d3998","timestamp":"2025-11-04 02:15:49"}
{"level":"info","message":"✅ Encontradas 1 comissões","timestamp":"2025-11-04 02:15:49"}
{"level":"info","message":"✅ Marcando 8335109c-2c89-4b8e-a3b6-fe5f9a179261 como paga para 2dec5603-4953-4186-b6cb-c7fb232d3998","timestamp":"2025-11-04 02:16:02"}
{"level":"info","message":"📋 Buscando comissões para líder: 2dec5603-4953-4186-b6cb-c7fb232d3998","timestamp":"2025-11-04 02:16:02"}
{"level":"info","message":"📋 Buscando comissões para: 2dec5603-4953-4186-b6cb-c7fb232d3998","timestamp":"2025-11-04 02:16:02"}
{"level":"info","message":"✅ Encontradas 1 comissões","timestamp":"2025-11-04 02:16:02"}
{"level":"info","message":"📊 Buscando resumo para usuário: 2dec5603-4953-4186-b6cb-c7fb232d3998","timestamp":"2025-11-04 02:16:02"}
{"level":"info","message":"📋 Buscando comissões para líder: 2dec5603-4953-4186-b6cb-c7fb232d3998","timestamp":"2025-11-04 02:16:05"}
{"level":"info","message":"📋 Buscando comissões para: 2dec5603-4953-4186-b6cb-c7fb232d3998","timestamp":"2025-11-04 02:16:05"}
{"level":"info","message":"📊 Buscando resumo para usuário: 2dec5603-4953-4186-b6cb-c7fb232d3998","timestamp":"2025-11-04 02:16:05"}
{"level":"info","message":"✅ Encontradas 1 comissões","timestamp":"2025-11-04 02:16:05"}
{"level":"info","message":"📋 Buscando comissões para líder: 2dec5603-4953-4186-b6cb-c7fb232d3998","timestamp":"2025-11-04 02:16:05"}
{"level":"info","message":"📋 Buscando comissões para: 2dec5603-4953-4186-b6cb-c7fb232d3998","timestamp":"2025-11-04 02:16:05"}
{"level":"info","message":"📊 Buscando resumo para usuário: 2dec5603-4953-4186-b6cb-c7fb232d3998","timestamp":"2025-11-04 02:16:05"}
{"level":"info","message":"✅ Encontradas 1 comissões","timestamp":"2025-11-04 02:16:05"}
{"level":"info","message":"📋 Buscando comissões para líder: 2dec5603-4953-4186-b6cb-c7fb232d3998","timestamp":"2025-11-04 02:28:26"}
{"level":"info","message":"📋 Buscando comissões para: 2dec5603-4953-4186-b6cb-c7fb232d3998","timestamp":"2025-11-04 02:28:26"}
{"level":"info","message":"✅ Encontradas 1 comissões","timestamp":"2025-11-04 02:28:26"}
{"level":"info","message":"📊 Buscando resumo para usuário: 2dec5603-4953-4186-b6cb-c7fb232d3998","timestamp":"2025-11-04 02:28:26"}
{"level":"info","message":"📋 Buscando comissões para líder: 2dec5603-4953-4186-b6cb-c7fb232d3998","timestamp":"2025-11-04 02:28:26"}
{"level":"info","message":"📋 Buscando comissões para: 2dec5603-4953-4186-b6cb-c7fb232d3998","timestamp":"2025-11-04 02:28:26"}
{"level":"info","message":"📊 Buscando resumo para usuário: 2dec5603-4953-4186-b6cb-c7fb232d3998","timestamp":"2025-11-04 02:28:26"}
{"level":"info","message":"✅ Encontradas 1 comissões","timestamp":"2025-11-04 02:28:26"}
{"level":"info","message":"📋 Buscando comissões para líder: 2dec5603-4953-4186-b6cb-c7fb232d3998","timestamp":"2025-11-04 02:30:18"}
{"level":"info","message":"📋 Buscando comissões para: 2dec5603-4953-4186-b6cb-c7fb232d3998","timestamp":"2025-11-04 02:30:18"}
{"level":"info","message":"✅ Encontradas 1 comissões","timestamp":"2025-11-04 02:30:18"}
{"level":"info","message":"📊 Buscando resumo para usuário: 2dec5603-4953-4186-b6cb-c7fb232d3998","timestamp":"2025-11-04 02:30:18"}
{"level":"info","message":"📋 Buscando comissões para líder: 2dec5603-4953-4186-b6cb-c7fb232d3998","timestamp":"2025-11-04 02:30:18"}
{"level":"info","message":"📋 Buscando comissões para: 2dec5603-4953-4186-b6cb-c7fb232d3998","timestamp":"2025-11-04 02:30:18"}
{"level":"info","message":"✅ Encontradas 1 comissões","timestamp":"2025-11-04 02:30:18"}
{"level":"info","message":"📊 Buscando resumo para usuário: 2dec5603-4953-4186-b6cb-c7fb232d3998","timestamp":"2025-11-04 02:30:18"}
{"level":"info","message":"📋 Buscando comissões para líder: 2dec5603-4953-4186-b6cb-c7fb232d3998","timestamp":"2025-11-04 02:43:29"}
{"level":"info","message":"📋 Buscando comissões para: 2dec5603-4953-4186-b6cb-c7fb232d3998","timestamp":"2025-11-04 02:43:29"}
{"level":"info","message":"📊 Buscando resumo para usuário: 2dec5603-4953-4186-b6cb-c7fb232d3998","timestamp":"2025-11-04 02:43:29"}
{"level":"info","message":"✅ Encontradas 1 comissões","timestamp":"2025-11-04 02:43:29"}
{"level":"info","message":"📋 Buscando comissões para líder: 2dec5603-4953-4186-b6cb-c7fb232d3998","timestamp":"2025-11-04 02:43:29"}
{"level":"info","message":"📋 Buscando comissões para: 2dec5603-4953-4186-b6cb-c7fb232d3998","timestamp":"2025-11-04 02:43:29"}
{"level":"info","message":"📊 Buscando resumo para usuário: 2dec5603-4953-4186-b6cb-c7fb232d3998","timestamp":"2025-11-04 02:43:29"}
{"level":"info","message":"✅ Encontradas 1 comissões","timestamp":"2025-11-04 02:43:29"}
{"level":"info","message":"📊 Buscando resumo para usuário: 2dec5603-4953-4186-b6cb-c7fb232d3998","timestamp":"2025-11-04 02:43:41"}
{"level":"info","message":"📊 Buscando resumo para usuário: 2dec5603-4953-4186-b6cb-c7fb232d3998","timestamp":"2025-11-04 02:43:41"}
{"level":"info","message":"📋 Buscando comissões para líder: 2dec5603-4953-4186-b6cb-c7fb232d3998","timestamp":"2025-11-04 02:43:41"}
{"level":"info","message":"📋 Buscando comissões para: 2dec5603-4953-4186-b6cb-c7fb232d3998","timestamp":"2025-11-04 02:43:41"}
{"level":"info","message":"✅ Encontradas 1 comissões","timestamp":"2025-11-04 02:43:41"}
{"level":"info","message":"📋 Buscando comissões para líder: 2dec5603-4953-4186-b6cb-c7fb232d3998","timestamp":"2025-11-04 02:43:41"}
{"level":"info","message":"📋 Buscando comissões para: 2dec5603-4953-4186-b6cb-c7fb232d3998","timestamp":"2025-11-04 02:43:41"}
{"level":"info","message":"✅ Encontradas 1 comissões","timestamp":"2025-11-04 02:43:41"}
{"level":"info","message":"📋 Buscando comissões para líder: 2dec5603-4953-4186-b6cb-c7fb232d3998","timestamp":"2025-11-04 02:43:43"}
{"level":"info","message":"📋 Buscando comissões para: 2dec5603-4953-4186-b6cb-c7fb232d3998","timestamp":"2025-11-04 02:43:43"}
{"level":"info","message":"📊 Buscando resumo para usuário: 2dec5603-4953-4186-b6cb-c7fb232d3998","timestamp":"2025-11-04 02:43:43"}
{"level":"info","message":"✅ Encontradas 1 comissões","timestamp":"2025-11-04 02:43:43"}
{"level":"info","message":"📊 Buscando resumo para usuário: 2dec5603-4953-4186-b6cb-c7fb232d3998","timestamp":"2025-11-04 02:43:43"}
{"level":"info","message":"📋 Buscando comissões para líder: 2dec5603-4953-4186-b6cb-c7fb232d3998","timestamp":"2025-11-04 02:43:43"}
{"level":"info","message":"📋 Buscando comissões para: 2dec5603-4953-4186-b6cb-c7fb232d3998","timestamp":"2025-11-04 02:43:43"}
{"level":"info","message":"✅ Encontradas 1 comissões","timestamp":"2025-11-04 02:43:43"}
{"level":"info","message":"🎉 VENDA CRIADA: 7568cc41-84c3-4b74-8a09-1234b576026b","timestamp":"2025-11-04 02:44:41"}
{"level":"info","message":"✅ TRANSAÇÃO COMMITADA - Venda: 7568cc41-84c3-4b74-8a09-1234b576026b","timestamp":"2025-11-04 02:44:41"}
{"level":"info","message":"📝 INICIANDO PROCESSAMENTO DE COMISSÃO...","timestamp":"2025-11-04 02:44:41"}
{"level":"info","message":"📝 [COMISSÃO] Iniciando para membro: 6febce56-0a6e-4b4d-8dce-36e2ab382ca2","timestamp":"2025-11-04 02:44:41"}
{"level":"info","message":"💰 [COMISSÃO] Valor: R$200.00","timestamp":"2025-11-04 02:44:41"}
{"level":"info","message":"💾 [COMISSÃO] Inserindo no banco...","timestamp":"2025-11-04 02:44:41"}
{"level":"info","message":"✅ [COMISSÃO] Inserida com sucesso!","timestamp":"2025-11-04 02:44:41"}
{"level":"info","message":"✅ [COMISSÃO] ID: e3799050-e10a-48de-b08c-275f9fdadee9","timestamp":"2025-11-04 02:44:41"}
{"level":"info","message":"✅ [COMISSÃO] Valor: R$200.00","timestamp":"2025-11-04 02:44:41"}
{"level":"info","message":"✅ PROCESSAMENTO DE COMISSÃO FINALIZADO","timestamp":"2025-11-04 02:44:41"}
{"level":"info","message":"✅ Notificação criada para usuário 6febce56-0a6e-4b4d-8dce-36e2ab382ca2: 🎉 Nova Venda Registrada!","timestamp":"2025-11-04 02:44:41"}
{"level":"info","message":"✅ Notificação criada para usuário 6febce56-0a6e-4b4d-8dce-36e2ab382ca2: 🏆 Meta Atingida - Cesta Básica!","timestamp":"2025-11-04 02:44:41"}
{"level":"info","message":"📋 Buscando comissões para líder: 2dec5603-4953-4186-b6cb-c7fb232d3998","timestamp":"2025-11-04 02:44:47"}
{"level":"info","message":"📋 Buscando comissões para: 2dec5603-4953-4186-b6cb-c7fb232d3998","timestamp":"2025-11-04 02:44:47"}
{"level":"info","message":"📊 Buscando resumo para usuário: 2dec5603-4953-4186-b6cb-c7fb232d3998","timestamp":"2025-11-04 02:44:47"}
{"level":"info","message":"✅ Encontradas 2 comissões","timestamp":"2025-11-04 02:44:47"}
{"level":"info","message":"📋 Buscando comissões para líder: 2dec5603-4953-4186-b6cb-c7fb232d3998","timestamp":"2025-11-04 02:44:48"}
{"level":"info","message":"📋 Buscando comissões para: 2dec5603-4953-4186-b6cb-c7fb232d3998","timestamp":"2025-11-04 02:44:48"}
{"level":"info","message":"📊 Buscando resumo para usuário: 2dec5603-4953-4186-b6cb-c7fb232d3998","timestamp":"2025-11-04 02:44:48"}
{"level":"info","message":"✅ Encontradas 2 comissões","timestamp":"2025-11-04 02:44:48"}
{"level":"info","message":"✅ Marcando e3799050-e10a-48de-b08c-275f9fdadee9 como paga para 2dec5603-4953-4186-b6cb-c7fb232d3998","timestamp":"2025-11-04 02:45:12"}
{"level":"info","message":"📋 Buscando comissões para líder: 2dec5603-4953-4186-b6cb-c7fb232d3998","timestamp":"2025-11-04 02:45:12"}
{"level":"info","message":"📋 Buscando comissões para: 2dec5603-4953-4186-b6cb-c7fb232d3998","timestamp":"2025-11-04 02:45:12"}
{"level":"info","message":"✅ Encontradas 2 comissões","timestamp":"2025-11-04 02:45:12"}
{"level":"info","message":"📊 Buscando resumo para usuário: 2dec5603-4953-4186-b6cb-c7fb232d3998","timestamp":"2025-11-04 02:45:12"}
{"level":"info","message":"📊 Buscando resumo para usuário: 2dec5603-4953-4186-b6cb-c7fb232d3998","timestamp":"2025-11-04 02:45:15"}
{"level":"info","message":"📋 Buscando comissões para líder: 2dec5603-4953-4186-b6cb-c7fb232d3998","timestamp":"2025-11-04 02:45:15"}
{"level":"info","message":"📋 Buscando comissões para: 2dec5603-4953-4186-b6cb-c7fb232d3998","timestamp":"2025-11-04 02:45:15"}
{"level":"info","message":"✅ Encontradas 2 comissões","timestamp":"2025-11-04 02:45:15"}
{"level":"info","message":"📊 Buscando resumo para usuário: 2dec5603-4953-4186-b6cb-c7fb232d3998","timestamp":"2025-11-04 02:45:15"}
{"level":"info","message":"📋 Buscando comissões para líder: 2dec5603-4953-4186-b6cb-c7fb232d3998","timestamp":"2025-11-04 02:45:15"}
{"level":"info","message":"📋 Buscando comissões para: 2dec5603-4953-4186-b6cb-c7fb232d3998","timestamp":"2025-11-04 02:45:15"}
{"level":"info","message":"✅ Encontradas 2 comissões","timestamp":"2025-11-04 02:45:15"}
{"level":"info","message":"📋 Buscando comissões para líder: 2dec5603-4953-4186-b6cb-c7fb232d3998","timestamp":"2025-11-04 02:45:16"}
{"level":"info","message":"📋 Buscando comissões para: 2dec5603-4953-4186-b6cb-c7fb232d3998","timestamp":"2025-11-04 02:45:16"}
{"level":"info","message":"📊 Buscando resumo para usuário: 2dec5603-4953-4186-b6cb-c7fb232d3998","timestamp":"2025-11-04 02:45:16"}
{"level":"info","message":"✅ Encontradas 2 comissões","timestamp":"2025-11-04 02:45:16"}
{"level":"info","message":"📋 Buscando comissões para líder: 2dec5603-4953-4186-b6cb-c7fb232d3998","timestamp":"2025-11-04 02:45:16"}
{"level":"info","message":"📋 Buscando comissões para: 2dec5603-4953-4186-b6cb-c7fb232d3998","timestamp":"2025-11-04 02:45:16"}
{"level":"info","message":"✅ Encontradas 2 comissões","timestamp":"2025-11-04 02:45:16"}
{"level":"info","message":"📊 Buscando resumo para usuário: 2dec5603-4953-4186-b6cb-c7fb232d3998","timestamp":"2025-11-04 02:45:16"}
{"level":"info","message":"🎉 VENDA CRIADA: 35b2452a-9aff-47ea-9e2a-6f7b857007b4","timestamp":"2025-11-04 02:45:33"}
{"level":"info","message":"✅ TRANSAÇÃO COMMITADA - Venda: 35b2452a-9aff-47ea-9e2a-6f7b857007b4","timestamp":"2025-11-04 02:45:33"}
{"level":"info","message":"📝 INICIANDO PROCESSAMENTO DE COMISSÃO...","timestamp":"2025-11-04 02:45:33"}
{"level":"info","message":"📝 [COMISSÃO] Iniciando para membro: 6febce56-0a6e-4b4d-8dce-36e2ab382ca2","timestamp":"2025-11-04 02:45:33"}
{"level":"info","message":"💰 [COMISSÃO] Valor: R$200.00","timestamp":"2025-11-04 02:45:33"}
{"level":"info","message":"💾 [COMISSÃO] Inserindo no banco...","timestamp":"2025-11-04 02:45:33"}
{"level":"info","message":"✅ [COMISSÃO] Inserida com sucesso!","timestamp":"2025-11-04 02:45:34"}
{"level":"info","message":"✅ [COMISSÃO] ID: 3d0ef2a7-2564-435d-bb1e-ce852031a0ba","timestamp":"2025-11-04 02:45:34"}
{"level":"info","message":"✅ [COMISSÃO] Valor: R$200.00","timestamp":"2025-11-04 02:45:34"}
{"level":"info","message":"✅ PROCESSAMENTO DE COMISSÃO FINALIZADO","timestamp":"2025-11-04 02:45:34"}
{"level":"info","message":"✅ Notificação criada para usuário 6febce56-0a6e-4b4d-8dce-36e2ab382ca2: 🎉 Nova Venda Registrada!","timestamp":"2025-11-04 02:45:34"}
{"level":"info","message":"✅ Notificação criada para usuário 6febce56-0a6e-4b4d-8dce-36e2ab382ca2: 🏆 Meta Atingida - Cesta Básica!","timestamp":"2025-11-04 02:45:34"}
{"level":"info","message":"📊 Buscando resumo para usuário: 2dec5603-4953-4186-b6cb-c7fb232d3998","timestamp":"2025-11-04 02:45:38"}
{"level":"info","message":"📋 Buscando comissões para líder: 2dec5603-4953-4186-b6cb-c7fb232d3998","timestamp":"2025-11-04 02:45:38"}
{"level":"info","message":"📋 Buscando comissões para: 2dec5603-4953-4186-b6cb-c7fb232d3998","timestamp":"2025-11-04 02:45:38"}
{"level":"info","message":"✅ Encontradas 3 comissões","timestamp":"2025-11-04 02:45:38"}
{"level":"info","message":"📋 Buscando comissões para líder: 2dec5603-4953-4186-b6cb-c7fb232d3998","timestamp":"2025-11-04 02:45:38"}
{"level":"info","message":"📋 Buscando comissões para: 2dec5603-4953-4186-b6cb-c7fb232d3998","timestamp":"2025-11-04 02:45:38"}
{"level":"info","message":"📊 Buscando resumo para usuário: 2dec5603-4953-4186-b6cb-c7fb232d3998","timestamp":"2025-11-04 02:45:38"}
{"level":"info","message":"✅ Encontradas 3 comissões","timestamp":"2025-11-04 02:45:38"}
{"level":"info","message":"📊 Buscando resumo para usuário: 2dec5603-4953-4186-b6cb-c7fb232d3998","timestamp":"2025-11-04 02:47:51"}
{"level":"info","message":"📋 Buscando comissões para líder: 2dec5603-4953-4186-b6cb-c7fb232d3998","timestamp":"2025-11-04 02:47:51"}
{"level":"info","message":"📋 Buscando comissões para: 2dec5603-4953-4186-b6cb-c7fb232d3998","timestamp":"2025-11-04 02:47:51"}
{"level":"info","message":"📊 Buscando resumo para usuário: 2dec5603-4953-4186-b6cb-c7fb232d3998","timestamp":"2025-11-04 02:47:51"}
{"level":"info","message":"✅ Encontradas 3 comissões","timestamp":"2025-11-04 02:47:51"}
{"level":"info","message":"📋 Buscando comissões para líder: 2dec5603-4953-4186-b6cb-c7fb232d3998","timestamp":"2025-11-04 02:47:51"}
{"level":"info","message":"📋 Buscando comissões para: 2dec5603-4953-4186-b6cb-c7fb232d3998","timestamp":"2025-11-04 02:47:51"}
{"level":"info","message":"✅ Encontradas 3 comissões","timestamp":"2025-11-04 02:47:51"}
{"level":"info","message":"📋 Buscando comissões para líder: 2dec5603-4953-4186-b6cb-c7fb232d3998","timestamp":"2025-11-04 02:47:52"}
{"level":"info","message":"📋 Buscando comissões para: 2dec5603-4953-4186-b6cb-c7fb232d3998","timestamp":"2025-11-04 02:47:52"}
{"level":"info","message":"📊 Buscando resumo para usuário: 2dec5603-4953-4186-b6cb-c7fb232d3998","timestamp":"2025-11-04 02:47:52"}
{"level":"info","message":"✅ Encontradas 3 comissões","timestamp":"2025-11-04 02:47:52"}
{"level":"info","message":"📊 Buscando resumo para usuário: 2dec5603-4953-4186-b6cb-c7fb232d3998","timestamp":"2025-11-04 02:47:52"}
{"level":"info","message":"📋 Buscando comissões para líder: 2dec5603-4953-4186-b6cb-c7fb232d3998","timestamp":"2025-11-04 02:47:52"}
{"level":"info","message":"📋 Buscando comissões para: 2dec5603-4953-4186-b6cb-c7fb232d3998","timestamp":"2025-11-04 02:47:52"}
{"level":"info","message":"✅ Encontradas 3 comissões","timestamp":"2025-11-04 02:47:52"}
{"level":"info","message":"📋 Buscando comissões para líder: 2dec5603-4953-4186-b6cb-c7fb232d3998","timestamp":"2025-11-04 02:47:53"}
{"level":"info","message":"📋 Buscando comissões para: 2dec5603-4953-4186-b6cb-c7fb232d3998","timestamp":"2025-11-04 02:47:53"}
{"level":"info","message":"📊 Buscando resumo para usuário: 2dec5603-4953-4186-b6cb-c7fb232d3998","timestamp":"2025-11-04 02:47:53"}
{"level":"info","message":"✅ Encontradas 3 comissões","timestamp":"2025-11-04 02:47:53"}
{"level":"info","message":"📋 Buscando comissões para líder: 2dec5603-4953-4186-b6cb-c7fb232d3998","timestamp":"2025-11-04 02:47:53"}
{"level":"info","message":"📋 Buscando comissões para: 2dec5603-4953-4186-b6cb-c7fb232d3998","timestamp":"2025-11-04 02:47:53"}
{"level":"info","message":"📊 Buscando resumo para usuário: 2dec5603-4953-4186-b6cb-c7fb232d3998","timestamp":"2025-11-04 02:47:53"}
{"level":"info","message":"✅ Encontradas 3 comissões","timestamp":"2025-11-04 02:47:53"}
{"level":"info","message":"📋 Buscando comissões para líder: 2dec5603-4953-4186-b6cb-c7fb232d3998","timestamp":"2025-11-04 02:47:54"}
{"level":"info","message":"📋 Buscando comissões para: 2dec5603-4953-4186-b6cb-c7fb232d3998","timestamp":"2025-11-04 02:47:54"}
{"level":"info","message":"📊 Buscando resumo para usuário: 2dec5603-4953-4186-b6cb-c7fb232d3998","timestamp":"2025-11-04 02:47:54"}
{"level":"info","message":"✅ Encontradas 3 comissões","timestamp":"2025-11-04 02:47:54"}
{"level":"info","message":"📋 Buscando comissões para líder: 2dec5603-4953-4186-b6cb-c7fb232d3998","timestamp":"2025-11-04 02:47:54"}
{"level":"info","message":"📋 Buscando comissões para: 2dec5603-4953-4186-b6cb-c7fb232d3998","timestamp":"2025-11-04 02:47:54"}
{"level":"info","message":"📊 Buscando resumo para usuário: 2dec5603-4953-4186-b6cb-c7fb232d3998","timestamp":"2025-11-04 02:47:54"}
{"level":"info","message":"✅ Encontradas 3 comissões","timestamp":"2025-11-04 02:47:54"}
{"level":"info","message":"📋 Buscando comissões para líder: 2dec5603-4953-4186-b6cb-c7fb232d3998","timestamp":"2025-11-04 02:47:54"}
{"level":"info","message":"📋 Buscando comissões para: 2dec5603-4953-4186-b6cb-c7fb232d3998","timestamp":"2025-11-04 02:47:54"}
{"level":"info","message":"📊 Buscando resumo para usuário: 2dec5603-4953-4186-b6cb-c7fb232d3998","timestamp":"2025-11-04 02:47:54"}
{"level":"info","message":"✅ Encontradas 3 comissões","timestamp":"2025-11-04 02:47:54"}
{"level":"info","message":"📋 Buscando comissões para líder: 2dec5603-4953-4186-b6cb-c7fb232d3998","timestamp":"2025-11-04 02:47:54"}
{"level":"info","message":"📋 Buscando comissões para: 2dec5603-4953-4186-b6cb-c7fb232d3998","timestamp":"2025-11-04 02:47:54"}
{"level":"info","message":"📊 Buscando resumo para usuário: 2dec5603-4953-4186-b6cb-c7fb232d3998","timestamp":"2025-11-04 02:47:54"}
{"level":"info","message":"✅ Encontradas 3 comissões","timestamp":"2025-11-04 02:47:54"}
{"level":"info","message":"📋 Buscando comissões para líder: 2dec5603-4953-4186-b6cb-c7fb232d3998","timestamp":"2025-11-04 02:47:55"}
{"level":"info","message":"📋 Buscando comissões para: 2dec5603-4953-4186-b6cb-c7fb232d3998","timestamp":"2025-11-04 02:47:55"}
{"level":"info","message":"📊 Buscando resumo para usuário: 2dec5603-4953-4186-b6cb-c7fb232d3998","timestamp":"2025-11-04 02:47:55"}
{"level":"info","message":"✅ Encontradas 3 comissões","timestamp":"2025-11-04 02:47:55"}
{"level":"info","message":"📋 Buscando comissões para líder: 2dec5603-4953-4186-b6cb-c7fb232d3998","timestamp":"2025-11-04 02:47:55"}
{"level":"info","message":"📋 Buscando comissões para: 2dec5603-4953-4186-b6cb-c7fb232d3998","timestamp":"2025-11-04 02:47:55"}
{"level":"info","message":"📊 Buscando resumo para usuário: 2dec5603-4953-4186-b6cb-c7fb232d3998","timestamp":"2025-11-04 02:47:55"}
{"level":"info","message":"✅ Encontradas 3 comissões","timestamp":"2025-11-04 02:47:55"}
{"level":"info","message":"📋 Buscando comissões para líder: 2dec5603-4953-4186-b6cb-c7fb232d3998","timestamp":"2025-11-04 02:47:55"}
{"level":"info","message":"📋 Buscando comissões para: 2dec5603-4953-4186-b6cb-c7fb232d3998","timestamp":"2025-11-04 02:47:55"}
{"level":"info","message":"📊 Buscando resumo para usuário: 2dec5603-4953-4186-b6cb-c7fb232d3998","timestamp":"2025-11-04 02:47:55"}
{"level":"info","message":"✅ Encontradas 3 comissões","timestamp":"2025-11-04 02:47:55"}
{"level":"info","message":"📋 Buscando comissões para líder: 2dec5603-4953-4186-b6cb-c7fb232d3998","timestamp":"2025-11-04 02:47:55"}
{"level":"info","message":"📋 Buscando comissões para: 2dec5603-4953-4186-b6cb-c7fb232d3998","timestamp":"2025-11-04 02:47:55"}
{"level":"info","message":"📊 Buscando resumo para usuário: 2dec5603-4953-4186-b6cb-c7fb232d3998","timestamp":"2025-11-04 02:47:55"}
{"level":"info","message":"✅ Encontradas 3 comissões","timestamp":"2025-11-04 02:47:55"}
{"level":"info","message":"📋 Buscando comissões para líder: 2dec5603-4953-4186-b6cb-c7fb232d3998","timestamp":"2025-11-04 02:47:56"}
{"level":"info","message":"📋 Buscando comissões para: 2dec5603-4953-4186-b6cb-c7fb232d3998","timestamp":"2025-11-04 02:47:56"}
{"level":"info","message":"📊 Buscando resumo para usuário: 2dec5603-4953-4186-b6cb-c7fb232d3998","timestamp":"2025-11-04 02:47:56"}
{"level":"info","message":"✅ Encontradas 3 comissões","timestamp":"2025-11-04 02:47:56"}
{"level":"info","message":"📋 Buscando comissões para líder: 2dec5603-4953-4186-b6cb-c7fb232d3998","timestamp":"2025-11-04 02:47:56"}
{"level":"info","message":"📋 Buscando comissões para: 2dec5603-4953-4186-b6cb-c7fb232d3998","timestamp":"2025-11-04 02:47:56"}
{"level":"info","message":"📊 Buscando resumo para usuário: 2dec5603-4953-4186-b6cb-c7fb232d3998","timestamp":"2025-11-04 02:47:56"}
{"level":"info","message":"✅ Encontradas 3 comissões","timestamp":"2025-11-04 02:47:56"}
{"level":"info","message":"📋 Buscando comissões para líder: 2dec5603-4953-4186-b6cb-c7fb232d3998","timestamp":"2025-11-04 02:47:56"}
{"level":"info","message":"📋 Buscando comissões para: 2dec5603-4953-4186-b6cb-c7fb232d3998","timestamp":"2025-11-04 02:47:56"}
{"level":"info","message":"📊 Buscando resumo para usuário: 2dec5603-4953-4186-b6cb-c7fb232d3998","timestamp":"2025-11-04 02:47:56"}
{"level":"info","message":"✅ Encontradas 3 comissões","timestamp":"2025-11-04 02:47:56"}
{"level":"info","message":"📋 Buscando comissões para líder: 2dec5603-4953-4186-b6cb-c7fb232d3998","timestamp":"2025-11-04 02:47:56"}
{"level":"info","message":"📋 Buscando comissões para: 2dec5603-4953-4186-b6cb-c7fb232d3998","timestamp":"2025-11-04 02:47:56"}
{"level":"info","message":"✅ Encontradas 3 comissões","timestamp":"2025-11-04 02:47:56"}
{"level":"info","message":"📋 Buscando comissões para líder: 2dec5603-4953-4186-b6cb-c7fb232d3998","timestamp":"2025-11-04 02:47:57"}
{"level":"info","message":"📋 Buscando comissões para: 2dec5603-4953-4186-b6cb-c7fb232d3998","timestamp":"2025-11-04 02:47:57"}
{"level":"info","message":"📊 Buscando resumo para usuário: 2dec5603-4953-4186-b6cb-c7fb232d3998","timestamp":"2025-11-04 02:47:57"}
{"level":"info","message":"✅ Encontradas 3 comissões","timestamp":"2025-11-04 02:47:57"}
{"level":"info","message":"📋 Buscando comissões para líder: 2dec5603-4953-4186-b6cb-c7fb232d3998","timestamp":"2025-11-04 02:47:57"}
{"level":"info","message":"📋 Buscando comissões para: 2dec5603-4953-4186-b6cb-c7fb232d3998","timestamp":"2025-11-04 02:47:57"}
{"level":"info","message":"📊 Buscando resumo para usuário: 2dec5603-4953-4186-b6cb-c7fb232d3998","timestamp":"2025-11-04 02:47:57"}
{"level":"info","message":"✅ Encontradas 3 comissões","timestamp":"2025-11-04 02:47:57"}
{"level":"info","message":"✅ Marcando 3d0ef2a7-2564-435d-bb1e-ce852031a0ba como paga para 2dec5603-4953-4186-b6cb-c7fb232d3998","timestamp":"2025-11-04 02:47:59"}
{"level":"info","message":"📋 Buscando comissões para líder: 2dec5603-4953-4186-b6cb-c7fb232d3998","timestamp":"2025-11-04 02:47:59"}
{"level":"info","message":"📋 Buscando comissões para: 2dec5603-4953-4186-b6cb-c7fb232d3998","timestamp":"2025-11-04 02:47:59"}
{"level":"info","message":"✅ Encontradas 3 comissões","timestamp":"2025-11-04 02:47:59"}
{"level":"info","message":"📊 Buscando resumo para usuário: 2dec5603-4953-4186-b6cb-c7fb232d3998","timestamp":"2025-11-04 02:47:59"}
{"level":"info","message":"📋 Buscando comissões para líder: 2dec5603-4953-4186-b6cb-c7fb232d3998","timestamp":"2025-11-04 02:48:00"}
{"level":"info","message":"📋 Buscando comissões para: 2dec5603-4953-4186-b6cb-c7fb232d3998","timestamp":"2025-11-04 02:48:00"}
{"level":"info","message":"📊 Buscando resumo para usuário: 2dec5603-4953-4186-b6cb-c7fb232d3998","timestamp":"2025-11-04 02:48:00"}
{"level":"info","message":"✅ Encontradas 3 comissões","timestamp":"2025-11-04 02:48:00"}
{"level":"info","message":"📋 Buscando comissões para líder: 2dec5603-4953-4186-b6cb-c7fb232d3998","timestamp":"2025-11-04 02:48:01"}
{"level":"info","message":"📋 Buscando comissões para: 2dec5603-4953-4186-b6cb-c7fb232d3998","timestamp":"2025-11-04 02:48:01"}
{"level":"info","message":"📊 Buscando resumo para usuário: 2dec5603-4953-4186-b6cb-c7fb232d3998","timestamp":"2025-11-04 02:48:01"}
{"level":"info","message":"✅ Encontradas 3 comissões","timestamp":"2025-11-04 02:48:01"}
{"level":"info","message":"📋 Buscando comissões para líder: 2dec5603-4953-4186-b6cb-c7fb232d3998","timestamp":"2025-11-04 02:48:01"}
{"level":"info","message":"📋 Buscando comissões para: 2dec5603-4953-4186-b6cb-c7fb232d3998","timestamp":"2025-11-04 02:48:01"}
{"level":"info","message":"📊 Buscando resumo para usuário: 2dec5603-4953-4186-b6cb-c7fb232d3998","timestamp":"2025-11-04 02:48:01"}
{"level":"info","message":"✅ Encontradas 3 comissões","timestamp":"2025-11-04 02:48:01"}
{"level":"info","message":"📋 Buscando comissões para líder: 2dec5603-4953-4186-b6cb-c7fb232d3998","timestamp":"2025-11-04 02:48:01"}
{"level":"info","message":"📋 Buscando comissões para: 2dec5603-4953-4186-b6cb-c7fb232d3998","timestamp":"2025-11-04 02:48:01"}
{"level":"info","message":"📊 Buscando resumo para usuário: 2dec5603-4953-4186-b6cb-c7fb232d3998","timestamp":"2025-11-04 02:48:01"}
{"level":"info","message":"✅ Encontradas 3 comissões","timestamp":"2025-11-04 02:48:01"}
{"level":"info","message":"📋 Buscando comissões para líder: 2dec5603-4953-4186-b6cb-c7fb232d3998","timestamp":"2025-11-04 02:48:02"}
{"level":"info","message":"📋 Buscando comissões para: 2dec5603-4953-4186-b6cb-c7fb232d3998","timestamp":"2025-11-04 02:48:02"}
{"level":"info","message":"📊 Buscando resumo para usuário: 2dec5603-4953-4186-b6cb-c7fb232d3998","timestamp":"2025-11-04 02:48:02"}
{"level":"info","message":"✅ Encontradas 3 comissões","timestamp":"2025-11-04 02:48:02"}
{"level":"info","message":"📋 Buscando comissões para líder: 2dec5603-4953-4186-b6cb-c7fb232d3998","timestamp":"2025-11-04 02:48:02"}
{"level":"info","message":"📋 Buscando comissões para: 2dec5603-4953-4186-b6cb-c7fb232d3998","timestamp":"2025-11-04 02:48:02"}
{"level":"info","message":"📊 Buscando resumo para usuário: 2dec5603-4953-4186-b6cb-c7fb232d3998","timestamp":"2025-11-04 02:48:02"}
{"level":"info","message":"✅ Encontradas 3 comissões","timestamp":"2025-11-04 02:48:02"}
{"level":"info","message":"📋 Buscando comissões para líder: 2dec5603-4953-4186-b6cb-c7fb232d3998","timestamp":"2025-11-04 02:53:55"}
{"level":"info","message":"📋 Buscando comissões para: 2dec5603-4953-4186-b6cb-c7fb232d3998","timestamp":"2025-11-04 02:53:55"}
{"level":"info","message":"✅ Encontradas 3 comissões","timestamp":"2025-11-04 02:53:55"}
{"level":"info","message":"📋 Buscando comissões para líder: 2dec5603-4953-4186-b6cb-c7fb232d3998","timestamp":"2025-11-04 02:53:55"}
{"level":"info","message":"📋 Buscando comissões para: 2dec5603-4953-4186-b6cb-c7fb232d3998","timestamp":"2025-11-04 02:53:55"}
{"level":"info","message":"✅ Encontradas 3 comissões","timestamp":"2025-11-04 02:53:55"}
{"level":"info","message":"📊 Buscando resumo para usuário: 2dec5603-4953-4186-b6cb-c7fb232d3998","timestamp":"2025-11-04 02:53:55"}
{"level":"info","message":"📊 Buscando resumo para usuário: 2dec5603-4953-4186-b6cb-c7fb232d3998","timestamp":"2025-11-04 02:53:55"}
{"level":"info","message":"📋 Buscando comissões para líder: 2dec5603-4953-4186-b6cb-c7fb232d3998","timestamp":"2025-11-04 02:55:58"}
{"level":"info","message":"📋 Buscando comissões para: 2dec5603-4953-4186-b6cb-c7fb232d3998","timestamp":"2025-11-04 02:55:58"}
{"level":"info","message":"✅ Encontradas 3 comissões","timestamp":"2025-11-04 02:55:58"}
{"level":"info","message":"📋 Buscando comissões para líder: 2dec5603-4953-4186-b6cb-c7fb232d3998","timestamp":"2025-11-04 02:55:58"}
{"level":"info","message":"📋 Buscando comissões para: 2dec5603-4953-4186-b6cb-c7fb232d3998","timestamp":"2025-11-04 02:55:58"}
{"level":"info","message":"✅ Encontradas 3 comissões","timestamp":"2025-11-04 02:55:58"}
{"level":"info","message":"📊 Buscando resumo para usuário: 2dec5603-4953-4186-b6cb-c7fb232d3998","timestamp":"2025-11-04 02:55:58"}
{"level":"info","message":"📊 Buscando resumo para usuário: 2dec5603-4953-4186-b6cb-c7fb232d3998","timestamp":"2025-11-04 02:55:58"}
{"level":"info","message":"🎉 VENDA CRIADA: 84e421d3-d340-442b-a0ec-fbb146d5cdb0","timestamp":"2025-11-04 02:56:45"}
{"level":"info","message":"✅ TRANSAÇÃO COMMITADA - Venda: 84e421d3-d340-442b-a0ec-fbb146d5cdb0","timestamp":"2025-11-04 02:56:45"}
{"level":"info","message":"📝 INICIANDO PROCESSAMENTO DE COMISSÃO...","timestamp":"2025-11-04 02:56:45"}
{"level":"info","message":"📝 [COMISSÃO] Iniciando para membro: 6febce56-0a6e-4b4d-8dce-36e2ab382ca2","timestamp":"2025-11-04 02:56:45"}
{"level":"info","message":"💰 [COMISSÃO] Valor: R$222.22","timestamp":"2025-11-04 02:56:45"}
{"level":"info","message":"💾 [COMISSÃO] Inserindo no banco...","timestamp":"2025-11-04 02:56:45"}
{"level":"info","message":"✅ [COMISSÃO] Inserida com sucesso!","timestamp":"2025-11-04 02:56:45"}
{"level":"info","message":"✅ [COMISSÃO] ID: 7b8bfb67-2b65-42e6-a497-818f11b57550","timestamp":"2025-11-04 02:56:45"}
{"level":"info","message":"✅ [COMISSÃO] Valor: R$222.22","timestamp":"2025-11-04 02:56:45"}
{"level":"info","message":"✅ PROCESSAMENTO DE COMISSÃO FINALIZADO","timestamp":"2025-11-04 02:56:45"}
{"level":"info","message":"✅ Notificação criada para usuário 6febce56-0a6e-4b4d-8dce-36e2ab382ca2: 🎉 Nova Venda Registrada!","timestamp":"2025-11-04 02:56:45"}
{"level":"info","message":"✅ Notificação criada para usuário 6febce56-0a6e-4b4d-8dce-36e2ab382ca2: 🏆 Meta Atingida - Cesta Básica!","timestamp":"2025-11-04 02:56:45"}
{"level":"info","message":"📋 Buscando comissões para líder: 2dec5603-4953-4186-b6cb-c7fb232d3998","timestamp":"2025-11-04 02:56:50"}
{"level":"info","message":"📋 Buscando comissões para: 2dec5603-4953-4186-b6cb-c7fb232d3998","timestamp":"2025-11-04 02:56:50"}
{"level":"info","message":"✅ Encontradas 4 comissões","timestamp":"2025-11-04 02:56:50"}
{"level":"info","message":"📋 Buscando comissões para líder: 2dec5603-4953-4186-b6cb-c7fb232d3998","timestamp":"2025-11-04 02:56:50"}
{"level":"info","message":"📋 Buscando comissões para: 2dec5603-4953-4186-b6cb-c7fb232d3998","timestamp":"2025-11-04 02:56:50"}
{"level":"info","message":"✅ Encontradas 4 comissões","timestamp":"2025-11-04 02:56:50"}
{"level":"info","message":"📊 Buscando resumo para usuário: 2dec5603-4953-4186-b6cb-c7fb232d3998","timestamp":"2025-11-04 02:56:50"}
{"level":"info","message":"📊 Buscando resumo para usuário: 2dec5603-4953-4186-b6cb-c7fb232d3998","timestamp":"2025-11-04 02:56:50"}
{"level":"info","message":"📋 Buscando comissões para líder: 2dec5603-4953-4186-b6cb-c7fb232d3998","timestamp":"2025-11-04 02:59:34"}
{"level":"info","message":"📋 Buscando comissões para: 2dec5603-4953-4186-b6cb-c7fb232d3998","timestamp":"2025-11-04 02:59:34"}
{"level":"info","message":"✅ Encontradas 4 comissões","timestamp":"2025-11-04 02:59:34"}
{"level":"info","message":"📋 Buscando comissões para líder: 2dec5603-4953-4186-b6cb-c7fb232d3998","timestamp":"2025-11-04 02:59:34"}
{"level":"info","message":"📋 Buscando comissões para: 2dec5603-4953-4186-b6cb-c7fb232d3998","timestamp":"2025-11-04 02:59:34"}
{"level":"info","message":"✅ Encontradas 4 comissões","timestamp":"2025-11-04 02:59:34"}
{"level":"info","message":"📊 Buscando resumo para usuário: 2dec5603-4953-4186-b6cb-c7fb232d3998","timestamp":"2025-11-04 02:59:34"}
{"level":"info","message":"📊 Buscando resumo para usuário: 2dec5603-4953-4186-b6cb-c7fb232d3998","timestamp":"2025-11-04 02:59:34"}
{"level":"info","message":"✅ Marcando 7b8bfb67-2b65-42e6-a497-818f11b57550 como paga para 2dec5603-4953-4186-b6cb-c7fb232d3998","timestamp":"2025-11-04 02:59:50"}
{"level":"info","message":"✅ Comissão 7b8bfb67-2b65-42e6-a497-818f11b57550 marcada como paga","timestamp":"2025-11-04 02:59:50"}
{"level":"info","message":"📋 Buscando comissões para líder: 2dec5603-4953-4186-b6cb-c7fb232d3998","timestamp":"2025-11-04 02:59:50"}
{"level":"info","message":"📋 Buscando comissões para: 2dec5603-4953-4186-b6cb-c7fb232d3998","timestamp":"2025-11-04 02:59:50"}
{"level":"info","message":"✅ Encontradas 4 comissões","timestamp":"2025-11-04 02:59:50"}
{"level":"info","message":"📊 Buscando resumo para usuário: 2dec5603-4953-4186-b6cb-c7fb232d3998","timestamp":"2025-11-04 02:59:50"}
{"level":"info","message":"📋 Buscando comissões para líder: 2dec5603-4953-4186-b6cb-c7fb232d3998","timestamp":"2025-11-04 03:00:05"}
{"level":"info","message":"📋 Buscando comissões para: 2dec5603-4953-4186-b6cb-c7fb232d3998","timestamp":"2025-11-04 03:00:05"}
{"level":"info","message":"✅ Encontradas 4 comissões","timestamp":"2025-11-04 03:00:05"}
{"level":"info","message":"📋 Buscando comissões para líder: 2dec5603-4953-4186-b6cb-c7fb232d3998","timestamp":"2025-11-04 03:00:05"}
{"level":"info","message":"📋 Buscando comissões para: 2dec5603-4953-4186-b6cb-c7fb232d3998","timestamp":"2025-11-04 03:00:05"}
{"level":"info","message":"✅ Encontradas 4 comissões","timestamp":"2025-11-04 03:00:05"}
{"level":"info","message":"📊 Buscando resumo para usuário: 2dec5603-4953-4186-b6cb-c7fb232d3998","timestamp":"2025-11-04 03:00:05"}
{"level":"info","message":"📊 Buscando resumo para usuário: 2dec5603-4953-4186-b6cb-c7fb232d3998","timestamp":"2025-11-04 03:00:05"}
{"level":"info","message":"📋 Buscando comissões para líder: 2dec5603-4953-4186-b6cb-c7fb232d3998","timestamp":"2025-11-04 03:00:13"}
{"level":"info","message":"📋 Buscando comissões para: 2dec5603-4953-4186-b6cb-c7fb232d3998","timestamp":"2025-11-04 03:00:13"}
{"level":"info","message":"✅ Encontradas 4 comissões","timestamp":"2025-11-04 03:00:13"}
{"level":"info","message":"📋 Buscando comissões para líder: 2dec5603-4953-4186-b6cb-c7fb232d3998","timestamp":"2025-11-04 03:00:13"}
{"level":"info","message":"📋 Buscando comissões para: 2dec5603-4953-4186-b6cb-c7fb232d3998","timestamp":"2025-11-04 03:00:13"}
{"level":"info","message":"✅ Encontradas 4 comissões","timestamp":"2025-11-04 03:00:13"}
{"level":"info","message":"📊 Buscando resumo para usuário: 2dec5603-4953-4186-b6cb-c7fb232d3998","timestamp":"2025-11-04 03:00:13"}
{"level":"info","message":"📊 Buscando resumo para usuário: 2dec5603-4953-4186-b6cb-c7fb232d3998","timestamp":"2025-11-04 03:00:13"}
{"level":"info","message":"🎉 VENDA CRIADA: b30168b1-713c-46aa-a14a-7bcab3117d39","timestamp":"2025-11-04 03:00:24"}
{"level":"info","message":"✅ TRANSAÇÃO COMMITADA - Venda: b30168b1-713c-46aa-a14a-7bcab3117d39","timestamp":"2025-11-04 03:00:24"}
{"level":"info","message":"📝 INICIANDO PROCESSAMENTO DE COMISSÃO...","timestamp":"2025-11-04 03:00:24"}
{"level":"info","message":"📝 [COMISSÃO] Iniciando para membro: 6febce56-0a6e-4b4d-8dce-36e2ab382ca2","timestamp":"2025-11-04 03:00:24"}
{"level":"info","message":"💰 [COMISSÃO] Valor: R$200.00","timestamp":"2025-11-04 03:00:24"}
{"level":"info","message":"💾 [COMISSÃO] Inserindo no banco...","timestamp":"2025-11-04 03:00:24"}
{"level":"info","message":"✅ [COMISSÃO] Inserida com sucesso!","timestamp":"2025-11-04 03:00:24"}
{"level":"info","message":"✅ [COMISSÃO] ID: 40dff74d-60ed-4671-bece-b35afec3c252","timestamp":"2025-11-04 03:00:24"}
{"level":"info","message":"✅ [COMISSÃO] Valor: R$200.00","timestamp":"2025-11-04 03:00:24"}
{"level":"info","message":"✅ PROCESSAMENTO DE COMISSÃO FINALIZADO","timestamp":"2025-11-04 03:00:24"}
{"level":"info","message":"✅ Notificação criada para usuário 6febce56-0a6e-4b4d-8dce-36e2ab382ca2: 🎉 Nova Venda Registrada!","timestamp":"2025-11-04 03:00:24"}
{"level":"info","message":"✅ Notificação criada para usuário 6febce56-0a6e-4b4d-8dce-36e2ab382ca2: 🏆 Meta Atingida - Cesta Básica!","timestamp":"2025-11-04 03:00:24"}
{"level":"info","message":"📋 Buscando comissões para líder: 2dec5603-4953-4186-b6cb-c7fb232d3998","timestamp":"2025-11-04 03:00:28"}
{"level":"info","message":"📋 Buscando comissões para: 2dec5603-4953-4186-b6cb-c7fb232d3998","timestamp":"2025-11-04 03:00:28"}
{"level":"info","message":"✅ Encontradas 5 comissões","timestamp":"2025-11-04 03:00:28"}
{"level":"info","message":"📋 Buscando comissões para líder: 2dec5603-4953-4186-b6cb-c7fb232d3998","timestamp":"2025-11-04 03:00:28"}
{"level":"info","message":"📋 Buscando comissões para: 2dec5603-4953-4186-b6cb-c7fb232d3998","timestamp":"2025-11-04 03:00:28"}
{"level":"info","message":"✅ Encontradas 5 comissões","timestamp":"2025-11-04 03:00:28"}
{"level":"info","message":"📊 Buscando resumo para usuário: 2dec5603-4953-4186-b6cb-c7fb232d3998","timestamp":"2025-11-04 03:00:28"}
{"level":"info","message":"📊 Buscando resumo para usuário: 2dec5603-4953-4186-b6cb-c7fb232d3998","timestamp":"2025-11-04 03:00:28"}
{"level":"info","message":"📋 Buscando comissões para líder: 2dec5603-4953-4186-b6cb-c7fb232d3998","timestamp":"2025-11-04 03:00:49"}
{"level":"info","message":"📋 Buscando comissões para: 2dec5603-4953-4186-b6cb-c7fb232d3998","timestamp":"2025-11-04 03:00:49"}
{"level":"info","message":"✅ Encontradas 5 comissões","timestamp":"2025-11-04 03:00:49"}
{"level":"info","message":"📋 Buscando comissões para líder: 2dec5603-4953-4186-b6cb-c7fb232d3998","timestamp":"2025-11-04 03:00:49"}
{"level":"info","message":"📋 Buscando comissões para: 2dec5603-4953-4186-b6cb-c7fb232d3998","timestamp":"2025-11-04 03:00:49"}
{"level":"info","message":"✅ Encontradas 5 comissões","timestamp":"2025-11-04 03:00:49"}
{"level":"info","message":"📊 Buscando resumo para usuário: 2dec5603-4953-4186-b6cb-c7fb232d3998","timestamp":"2025-11-04 03:00:49"}
{"level":"info","message":"📊 Buscando resumo para usuário: 2dec5603-4953-4186-b6cb-c7fb232d3998","timestamp":"2025-11-04 03:00:49"}
{"level":"info","message":"📋 Buscando comissões para líder: 2dec5603-4953-4186-b6cb-c7fb232d3998","timestamp":"2025-11-04 03:05:25"}
{"level":"info","message":"📋 Buscando comissões para: 2dec5603-4953-4186-b6cb-c7fb232d3998","timestamp":"2025-11-04 03:05:25"}
{"level":"info","message":"✅ Encontradas 5 comissões","timestamp":"2025-11-04 03:05:25"}
{"level":"info","message":"📋 Buscando comissões para líder: 2dec5603-4953-4186-b6cb-c7fb232d3998","timestamp":"2025-11-04 03:05:25"}
{"level":"info","message":"📋 Buscando comissões para: 2dec5603-4953-4186-b6cb-c7fb232d3998","timestamp":"2025-11-04 03:05:25"}
{"level":"info","message":"✅ Encontradas 5 comissões","timestamp":"2025-11-04 03:05:25"}
{"level":"info","message":"📊 Buscando resumo para usuário: 2dec5603-4953-4186-b6cb-c7fb232d3998","timestamp":"2025-11-04 03:05:25"}
{"level":"info","message":"📊 Buscando resumo para usuário: 2dec5603-4953-4186-b6cb-c7fb232d3998","timestamp":"2025-11-04 03:05:25"}
{"level":"info","message":"✅ Notificação 429e2a7a-ec3c-4e6d-890b-7f5291ee05a2 deletada","timestamp":"2025-11-04 17:02:05"}
{"level":"info","message":"✅ Notificação 134d9ac8-ddd1-4615-a64f-a508ab9f5dce deletada","timestamp":"2025-11-04 17:02:06"}
{"level":"info","message":"✅ Notificação 8978524f-0312-4f33-8ba9-e724b7a456ad deletada","timestamp":"2025-11-04 17:02:06"}
{"level":"info","message":"✅ Notificação 58a7dff3-ff97-4c08-b78b-2610accdc6ef deletada","timestamp":"2025-11-04 17:02:07"}
{"level":"info","message":"✅ Notificação 2332668a-8549-4904-8cd9-743794c08b86 deletada","timestamp":"2025-11-04 17:02:07"}
{"level":"info","message":"✅ Notificação 656f1122-28b8-4229-8d15-b9b37faa734c deletada","timestamp":"2025-11-04 17:02:07"}
{"level":"info","message":"✅ Notificação ae7c79af-aa23-4c69-b018-093180136e8d deletada","timestamp":"2025-11-04 17:02:07"}
{"level":"info","message":"✅ Notificação 03299e51-d82d-4146-ae71-f3757c542cd2 deletada","timestamp":"2025-11-04 17:02:07"}
{"level":"info","message":"✅ Notificação 0a783748-4e4f-43eb-9ecb-3b4509c0abc2 deletada","timestamp":"2025-11-04 17:02:08"}
{"level":"info","message":"✅ Notificação 29baa1c3-19be-4922-8aaa-08dc66cba2a3 deletada","timestamp":"2025-11-04 17:02:08"}
{"level":"error","message":"❌ Erro ao contar notificações não lidas: relation \"notifications\" does not exist","timestamp":"2025-11-04 17:05:01"}
{"level":"error","message":"❌ Erro ao listar notificações: relation \"notifications\" does not exist","timestamp":"2025-11-04 17:05:01"}
{"level":"error","message":"❌ Erro ao contar notificações não lidas: relation \"notifications\" does not exist","timestamp":"2025-11-04 17:05:40"}
{"level":"error","message":"❌ Erro ao listar notificações: relation \"notifications\" does not exist","timestamp":"2025-11-04 17:05:40"}
{"level":"error","message":"❌ Erro ao contar notificações não lidas: relation \"notifications\" does not exist","timestamp":"2025-11-04 17:06:40"}
{"level":"error","message":"❌ Erro ao listar notificações: relation \"notifications\" does not exist","timestamp":"2025-11-04 17:06:40"}
{"level":"error","message":"❌ Erro ao contar notificações não lidas: relation \"notifications\" does not exist","timestamp":"2025-11-04 17:07:40"}
{"level":"error","message":"❌ Erro ao listar notificações: relation \"notifications\" does not exist","timestamp":"2025-11-04 17:07:40"}
{"level":"error","message":"❌ Erro ao contar notificações não lidas: relation \"notifications\" does not exist","timestamp":"2025-11-04 17:08:40"}
{"level":"error","message":"❌ Erro ao listar notificações: relation \"notifications\" does not exist","timestamp":"2025-11-04 17:08:40"}
{"level":"error","message":"❌ Erro ao contar notificações não lidas: relation \"notifications\" does not exist","timestamp":"2025-11-04 17:09:40"}
{"level":"error","message":"❌ Erro ao listar notificações: relation \"notifications\" does not exist","timestamp":"2025-11-04 17:09:40"}
{"level":"error","message":"❌ Erro ao contar notificações não lidas: relation \"notifications\" does not exist","timestamp":"2025-11-04 17:10:40"}
{"level":"error","message":"❌ Erro ao listar notificações: relation \"notifications\" does not exist","timestamp":"2025-11-04 17:10:40"}
{"level":"error","message":"❌ Erro ao contar notificações não lidas: relation \"notifications\" does not exist","timestamp":"2025-11-04 17:11:40"}
{"level":"error","message":"❌ Erro ao listar notificações: relation \"notifications\" does not exist","timestamp":"2025-11-04 17:11:40"}
{"level":"error","message":"❌ Erro ao contar notificações não lidas: relation \"notifications\" does not exist","timestamp":"2025-11-04 17:12:40"}
{"level":"error","message":"❌ Erro ao listar notificações: relation \"notifications\" does not exist","timestamp":"2025-11-04 17:12:40"}
{"level":"info","message":"📋 Buscando comissões para líder: 6febce56-0a6e-4b4d-8dce-36e2ab382ca2","timestamp":"2025-11-04 17:14:07"}
{"level":"info","message":"📋 Buscando comissões para: 6febce56-0a6e-4b4d-8dce-36e2ab382ca2","timestamp":"2025-11-04 17:14:07"}
{"level":"info","message":"✅ Encontradas 0 comissões","timestamp":"2025-11-04 17:14:07"}
{"level":"info","message":"📋 Buscando comissões para líder: 6febce56-0a6e-4b4d-8dce-36e2ab382ca2","timestamp":"2025-11-04 17:14:07"}
{"level":"info","message":"📋 Buscando comissões para: 6febce56-0a6e-4b4d-8dce-36e2ab382ca2","timestamp":"2025-11-04 17:14:07"}
{"level":"info","message":"✅ Encontradas 0 comissões","timestamp":"2025-11-04 17:14:07"}
{"level":"info","message":"📊 Buscando resumo para usuário: 6febce56-0a6e-4b4d-8dce-36e2ab382ca2","timestamp":"2025-11-04 17:14:07"}
{"level":"info","message":"📊 Buscando resumo para usuário: 6febce56-0a6e-4b4d-8dce-36e2ab382ca2","timestamp":"2025-11-04 17:14:07"}
{"level":"info","message":"📋 Buscando comissões para líder: 6febce56-0a6e-4b4d-8dce-36e2ab382ca2","timestamp":"2025-11-04 17:16:13"}
{"level":"info","message":"📋 Buscando comissões para: 6febce56-0a6e-4b4d-8dce-36e2ab382ca2","timestamp":"2025-11-04 17:16:13"}
{"level":"info","message":"✅ Encontradas 0 comissões","timestamp":"2025-11-04 17:16:13"}
{"level":"info","message":"📋 Buscando comissões para líder: 6febce56-0a6e-4b4d-8dce-36e2ab382ca2","timestamp":"2025-11-04 17:16:13"}
{"level":"info","message":"📋 Buscando comissões para: 6febce56-0a6e-4b4d-8dce-36e2ab382ca2","timestamp":"2025-11-04 17:16:13"}
{"level":"info","message":"✅ Encontradas 0 comissões","timestamp":"2025-11-04 17:16:13"}
{"level":"info","message":"📊 Buscando resumo para usuário: 6febce56-0a6e-4b4d-8dce-36e2ab382ca2","timestamp":"2025-11-04 17:16:13"}
{"level":"info","message":"📊 Buscando resumo para usuário: 6febce56-0a6e-4b4d-8dce-36e2ab382ca2","timestamp":"2025-11-04 17:16:13"}
{"level":"info","message":"📋 Buscando comissões para líder: 6febce56-0a6e-4b4d-8dce-36e2ab382ca2","timestamp":"2025-11-04 17:16:19"}
{"level":"info","message":"📋 Buscando comissões para: 6febce56-0a6e-4b4d-8dce-36e2ab382ca2","timestamp":"2025-11-04 17:16:19"}
{"level":"info","message":"✅ Encontradas 0 comissões","timestamp":"2025-11-04 17:16:19"}
{"level":"info","message":"📋 Buscando comissões para líder: 6febce56-0a6e-4b4d-8dce-36e2ab382ca2","timestamp":"2025-11-04 17:16:19"}
{"level":"info","message":"📋 Buscando comissões para: 6febce56-0a6e-4b4d-8dce-36e2ab382ca2","timestamp":"2025-11-04 17:16:19"}
{"level":"info","message":"✅ Encontradas 0 comissões","timestamp":"2025-11-04 17:16:19"}
{"level":"info","message":"📊 Buscando resumo para usuário: 6febce56-0a6e-4b4d-8dce-36e2ab382ca2","timestamp":"2025-11-04 17:16:19"}
{"level":"info","message":"📊 Buscando resumo para usuário: 6febce56-0a6e-4b4d-8dce-36e2ab382ca2","timestamp":"2025-11-04 17:16:19"}
{"level":"info","message":"📋 Buscando comissões para líder: 6febce56-0a6e-4b4d-8dce-36e2ab382ca2","timestamp":"2025-11-04 17:16:20"}
{"level":"info","message":"📋 Buscando comissões para: 6febce56-0a6e-4b4d-8dce-36e2ab382ca2","timestamp":"2025-11-04 17:16:20"}
{"level":"info","message":"✅ Encontradas 0 comissões","timestamp":"2025-11-04 17:16:20"}
{"level":"info","message":"📋 Buscando comissões para líder: 6febce56-0a6e-4b4d-8dce-36e2ab382ca2","timestamp":"2025-11-04 17:16:20"}
{"level":"info","message":"📋 Buscando comissões para: 6febce56-0a6e-4b4d-8dce-36e2ab382ca2","timestamp":"2025-11-04 17:16:20"}
{"level":"info","message":"📊 Buscando resumo para usuário: 6febce56-0a6e-4b4d-8dce-36e2ab382ca2","timestamp":"2025-11-04 17:16:20"}
{"level":"info","message":"✅ Encontradas 0 comissões","timestamp":"2025-11-04 17:16:20"}
{"level":"info","message":"📊 Buscando resumo para usuário: 6febce56-0a6e-4b4d-8dce-36e2ab382ca2","timestamp":"2025-11-04 17:16:20"}
{"level":"info","message":"📋 Buscando comissões para líder: 6febce56-0a6e-4b4d-8dce-36e2ab382ca2","timestamp":"2025-11-04 17:16:24"}
{"level":"info","message":"📋 Buscando comissões para: 6febce56-0a6e-4b4d-8dce-36e2ab382ca2","timestamp":"2025-11-04 17:16:24"}
{"level":"info","message":"✅ Encontradas 0 comissões","timestamp":"2025-11-04 17:16:25"}
{"level":"info","message":"📋 Buscando comissões para líder: 6febce56-0a6e-4b4d-8dce-36e2ab382ca2","timestamp":"2025-11-04 17:16:25"}
{"level":"info","message":"📋 Buscando comissões para: 6febce56-0a6e-4b4d-8dce-36e2ab382ca2","timestamp":"2025-11-04 17:16:25"}
{"level":"info","message":"✅ Encontradas 0 comissões","timestamp":"2025-11-04 17:16:25"}
{"level":"info","message":"📊 Buscando resumo para usuário: 6febce56-0a6e-4b4d-8dce-36e2ab382ca2","timestamp":"2025-11-04 17:16:25"}
{"level":"info","message":"📊 Buscando resumo para usuário: 6febce56-0a6e-4b4d-8dce-36e2ab382ca2","timestamp":"2025-11-04 17:16:25"}
{"level":"info","message":"📋 Buscando comissões para líder: 6febce56-0a6e-4b4d-8dce-36e2ab382ca2","timestamp":"2025-11-04 17:16:44"}
{"level":"info","message":"📋 Buscando comissões para: 6febce56-0a6e-4b4d-8dce-36e2ab382ca2","timestamp":"2025-11-04 17:16:44"}
{"level":"info","message":"✅ Encontradas 0 comissões","timestamp":"2025-11-04 17:16:44"}
{"level":"info","message":"📋 Buscando comissões para líder: 6febce56-0a6e-4b4d-8dce-36e2ab382ca2","timestamp":"2025-11-04 17:16:44"}
{"level":"info","message":"📋 Buscando comissões para: 6febce56-0a6e-4b4d-8dce-36e2ab382ca2","timestamp":"2025-11-04 17:16:44"}
{"level":"info","message":"✅ Encontradas 0 comissões","timestamp":"2025-11-04 17:16:44"}
{"level":"info","message":"📊 Buscando resumo para usuário: 6febce56-0a6e-4b4d-8dce-36e2ab382ca2","timestamp":"2025-11-04 17:16:44"}
{"level":"info","message":"📊 Buscando resumo para usuário: 6febce56-0a6e-4b4d-8dce-36e2ab382ca2","timestamp":"2025-11-04 17:16:44"}
{"level":"info","message":"📋 Buscando comissões para líder: f764b02f-9b65-4385-9d98-b0b7d70f121d","timestamp":"2025-11-04 17:19:36"}
{"level":"info","message":"📋 Buscando comissões para: f764b02f-9b65-4385-9d98-b0b7d70f121d","timestamp":"2025-11-04 17:19:36"}
{"level":"info","message":"✅ Encontradas 0 comissões","timestamp":"2025-11-04 17:19:36"}
{"level":"info","message":"📋 Buscando comissões para líder: f764b02f-9b65-4385-9d98-b0b7d70f121d","timestamp":"2025-11-04 17:19:36"}
{"level":"info","message":"📋 Buscando comissões para: f764b02f-9b65-4385-9d98-b0b7d70f121d","timestamp":"2025-11-04 17:19:36"}
{"level":"info","message":"✅ Encontradas 0 comissões","timestamp":"2025-11-04 17:19:36"}
{"level":"info","message":"📊 Buscando resumo para usuário: f764b02f-9b65-4385-9d98-b0b7d70f121d","timestamp":"2025-11-04 17:19:36"}
{"level":"info","message":"📊 Buscando resumo para usuário: f764b02f-9b65-4385-9d98-b0b7d70f121d","timestamp":"2025-11-04 17:19:36"}
{"level":"error","message":"❌ Erro ao contar notificações não lidas: relation \"notifications\" does not exist","timestamp":"2025-11-04 17:31:40"}
{"level":"error","message":"❌ Erro ao listar notificações: relation \"notifications\" does not exist","timestamp":"2025-11-04 17:31:40"}
{"level":"error","message":"❌ Erro ao listar notificações: relation \"notifications\" does not exist","timestamp":"2025-11-04 17:31:40"}
{"level":"error","message":"❌ Erro ao contar notificações não lidas: relation \"notifications\" does not exist","timestamp":"2025-11-04 17:31:40"}
{"level":"error","message":"❌ Erro ao listar notificações: relation \"notifications\" does not exist","timestamp":"2025-11-04 17:32:40"}
{"level":"error","message":"❌ Erro ao listar notificações: relation \"notifications\" does not exist","timestamp":"2025-11-04 17:32:40"}
{"level":"error","message":"❌ Erro ao contar notificações não lidas: relation \"notifications\" does not exist","timestamp":"2025-11-04 17:32:40"}
{"level":"error","message":"❌ Erro ao contar notificações não lidas: relation \"notifications\" does not exist","timestamp":"2025-11-04 17:32:40"}
{"level":"error","message":"❌ Erro ao contar notificações não lidas: relation \"notifications\" does not exist","timestamp":"2025-11-04 17:33:40"}
{"level":"error","message":"❌ Erro ao contar notificações não lidas: relation \"notifications\" does not exist","timestamp":"2025-11-04 17:33:40"}
{"level":"error","message":"❌ Erro ao listar notificações: relation \"notifications\" does not exist","timestamp":"2025-11-04 17:33:40"}
{"level":"error","message":"❌ Erro ao listar notificações: relation \"notifications\" does not exist","timestamp":"2025-11-04 17:33:40"}
{"level":"error","message":"❌ Erro ao contar notificações não lidas: relation \"notifications\" does not exist","timestamp":"2025-11-04 17:34:40"}
{"level":"error","message":"❌ Erro ao listar notificações: relation \"notifications\" does not exist","timestamp":"2025-11-04 17:34:40"}
{"level":"error","message":"❌ Erro ao listar notificações: relation \"notifications\" does not exist","timestamp":"2025-11-04 17:34:40"}
{"level":"error","message":"❌ Erro ao contar notificações não lidas: relation \"notifications\" does not exist","timestamp":"2025-11-04 17:34:40"}
{"level":"error","message":"❌ Erro ao contar notificações não lidas: relation \"notifications\" does not exist","timestamp":"2025-11-04 17:35:40"}
{"level":"error","message":"❌ Erro ao listar notificações: relation \"notifications\" does not exist","timestamp":"2025-11-04 17:35:40"}
{"level":"error","message":"❌ Erro ao contar notificações não lidas: relation \"notifications\" does not exist","timestamp":"2025-11-04 17:35:40"}
{"level":"error","message":"❌ Erro ao listar notificações: relation \"notifications\" does not exist","timestamp":"2025-11-04 17:35:40"}
{"level":"error","message":"❌ Erro ao contar notificações não lidas: relation \"notifications\" does not exist","timestamp":"2025-11-04 17:36:40"}
{"level":"error","message":"❌ Erro ao contar notificações não lidas: relation \"notifications\" does not exist","timestamp":"2025-11-04 17:36:40"}
{"level":"error","message":"❌ Erro ao listar notificações: relation \"notifications\" does not exist","timestamp":"2025-11-04 17:36:40"}
{"level":"error","message":"❌ Erro ao listar notificações: relation \"notifications\" does not exist","timestamp":"2025-11-04 17:36:40"}
{"level":"error","message":"❌ Erro ao contar notificações não lidas: relation \"notifications\" does not exist","timestamp":"2025-11-04 17:37:40"}
{"level":"error","message":"❌ Erro ao listar notificações: relation \"notifications\" does not exist","timestamp":"2025-11-04 17:37:40"}
{"level":"error","message":"❌ Erro ao listar notificações: relation \"notifications\" does not exist","timestamp":"2025-11-04 17:37:40"}
{"level":"error","message":"❌ Erro ao contar notificações não lidas: relation \"notifications\" does not exist","timestamp":"2025-11-04 17:37:40"}
{"level":"error","message":"❌ Erro ao contar notificações não lidas: relation \"notifications\" does not exist","timestamp":"2025-11-04 17:38:40"}
{"level":"error","message":"❌ Erro ao listar notificações: relation \"notifications\" does not exist","timestamp":"2025-11-04 17:38:40"}
{"level":"error","message":"❌ Erro ao listar notificações: relation \"notifications\" does not exist","timestamp":"2025-11-04 17:38:40"}
{"level":"error","message":"❌ Erro ao contar notificações não lidas: relation \"notifications\" does not exist","timestamp":"2025-11-04 17:38:40"}
{"level":"error","message":"❌ Erro ao contar notificações não lidas: relation \"notifications\" does not exist","timestamp":"2025-11-04 17:39:40"}
{"level":"error","message":"❌ Erro ao listar notificações: relation \"notifications\" does not exist","timestamp":"2025-11-04 17:39:40"}
{"level":"error","message":"❌ Erro ao contar notificações não lidas: relation \"notifications\" does not exist","timestamp":"2025-11-04 17:39:40"}
{"level":"error","message":"❌ Erro ao listar notificações: relation \"notifications\" does not exist","timestamp":"2025-11-04 17:39:40"}
{"level":"error","message":"❌ Erro ao listar notificações: relation \"notifications\" does not exist","timestamp":"2025-11-04 17:40:40"}
{"level":"error","message":"❌ Erro ao contar notificações não lidas: relation \"notifications\" does not exist","timestamp":"2025-11-04 17:40:40"}
{"level":"error","message":"❌ Erro ao contar notificações não lidas: relation \"notifications\" does not exist","timestamp":"2025-11-04 17:40:40"}
{"level":"error","message":"❌ Erro ao listar notificações: relation \"notifications\" does not exist","timestamp":"2025-11-04 17:40:40"}
{"level":"error","message":"❌ Erro ao contar notificações não lidas: relation \"notifications\" does not exist","timestamp":"2025-11-04 17:41:40"}
{"level":"error","message":"❌ Erro ao listar notificações: relation \"notifications\" does not exist","timestamp":"2025-11-04 17:41:40"}
{"level":"error","message":"❌ Erro ao listar notificações: relation \"notifications\" does not exist","timestamp":"2025-11-04 17:41:40"}
{"level":"error","message":"❌ Erro ao contar notificações não lidas: relation \"notifications\" does not exist","timestamp":"2025-11-04 17:41:40"}
{"level":"error","message":"❌ Erro ao contar notificações não lidas: relation \"notifications\" does not exist","timestamp":"2025-11-04 17:42:40"}
{"level":"error","message":"❌ Erro ao contar notificações não lidas: relation \"notifications\" does not exist","timestamp":"2025-11-04 17:42:40"}
{"level":"error","message":"❌ Erro ao listar notificações: relation \"notifications\" does not exist","timestamp":"2025-11-04 17:42:40"}
{"level":"error","message":"❌ Erro ao listar notificações: relation \"notifications\" does not exist","timestamp":"2025-11-04 17:42:40"}
{"level":"error","message":"❌ Erro ao contar notificações não lidas: relation \"notifications\" does not exist","timestamp":"2025-11-04 17:43:40"}
{"level":"error","message":"❌ Erro ao listar notificações: relation \"notifications\" does not exist","timestamp":"2025-11-04 17:43:40"}
{"level":"error","message":"❌ Erro ao listar notificações: relation \"notifications\" does not exist","timestamp":"2025-11-04 17:43:40"}
{"level":"error","message":"❌ Erro ao contar notificações não lidas: relation \"notifications\" does not exist","timestamp":"2025-11-04 17:43:40"}
{"level":"error","message":"❌ Erro ao contar notificações não lidas: relation \"notifications\" does not exist","timestamp":"2025-11-04 17:44:40"}
{"level":"error","message":"❌ Erro ao contar notificações não lidas: relation \"notifications\" does not exist","timestamp":"2025-11-04 17:44:40"}
{"level":"error","message":"❌ Erro ao listar notificações: relation \"notifications\" does not exist","timestamp":"2025-11-04 17:44:40"}
{"level":"error","message":"❌ Erro ao listar notificações: relation \"notifications\" does not exist","timestamp":"2025-11-04 17:44:40"}
{"level":"error","message":"❌ Erro ao contar notificações não lidas: relation \"notifications\" does not exist","timestamp":"2025-11-04 17:45:40"}
{"level":"error","message":"❌ Erro ao contar notificações não lidas: relation \"notifications\" does not exist","timestamp":"2025-11-04 17:45:40"}
{"level":"error","message":"❌ Erro ao listar notificações: relation \"notifications\" does not exist","timestamp":"2025-11-04 17:45:40"}
{"level":"error","message":"❌ Erro ao listar notificações: relation \"notifications\" does not exist","timestamp":"2025-11-04 17:45:40"}
{"level":"error","message":"❌ Erro ao contar notificações não lidas: relation \"notifications\" does not exist","timestamp":"2025-11-04 17:46:40"}
{"level":"error","message":"❌ Erro ao contar notificações não lidas: relation \"notifications\" does not exist","timestamp":"2025-11-04 17:46:40"}
{"level":"error","message":"❌ Erro ao listar notificações: relation \"notifications\" does not exist","timestamp":"2025-11-04 17:46:40"}
{"level":"error","message":"❌ Erro ao listar notificações: relation \"notifications\" does not exist","timestamp":"2025-11-04 17:46:40"}
{"level":"error","message":"❌ Erro ao contar notificações não lidas: relation \"notifications\" does not exist","timestamp":"2025-11-04 17:47:40"}
{"level":"error","message":"❌ Erro ao contar notificações não lidas: relation \"notifications\" does not exist","timestamp":"2025-11-04 17:47:40"}
{"level":"error","message":"❌ Erro ao listar notificações: relation \"notifications\" does not exist","timestamp":"2025-11-04 17:47:40"}
{"level":"error","message":"❌ Erro ao listar notificações: relation \"notifications\" does not exist","timestamp":"2025-11-04 17:47:40"}
{"level":"error","message":"❌ Erro ao listar notificações: relation \"notifications\" does not exist","timestamp":"2025-11-04 17:48:40"}
{"level":"error","message":"❌ Erro ao contar notificações não lidas: relation \"notifications\" does not exist","timestamp":"2025-11-04 17:48:40"}
{"level":"error","message":"❌ Erro ao contar notificações não lidas: relation \"notifications\" does not exist","timestamp":"2025-11-04 17:48:40"}
{"level":"error","message":"❌ Erro ao listar notificações: relation \"notifications\" does not exist","timestamp":"2025-11-04 17:48:40"}
{"level":"error","message":"❌ Erro ao contar notificações não lidas: relation \"notifications\" does not exist","timestamp":"2025-11-04 17:49:40"}
{"level":"error","message":"❌ Erro ao listar notificações: relation \"notifications\" does not exist","timestamp":"2025-11-04 17:49:40"}
{"level":"error","message":"❌ Erro ao contar notificações não lidas: relation \"notifications\" does not exist","timestamp":"2025-11-04 17:49:40"}
{"level":"error","message":"❌ Erro ao listar notificações: relation \"notifications\" does not exist","timestamp":"2025-11-04 17:49:40"}
{"level":"error","message":"❌ Erro ao contar notificações não lidas: relation \"notifications\" does not exist","timestamp":"2025-11-04 17:50:40"}
{"level":"error","message":"❌ Erro ao contar notificações não lidas: relation \"notifications\" does not exist","timestamp":"2025-11-04 17:50:40"}
{"level":"error","message":"❌ Erro ao listar notificações: relation \"notifications\" does not exist","timestamp":"2025-11-04 17:50:40"}
{"level":"error","message":"❌ Erro ao listar notificações: relation \"notifications\" does not exist","timestamp":"2025-11-04 17:50:40"}
{"level":"info","message":"📋 Buscando comissões para líder: 6febce56-0a6e-4b4d-8dce-36e2ab382ca2","timestamp":"2025-11-04 17:52:03"}
{"level":"info","message":"📋 Buscando comissões para: 6febce56-0a6e-4b4d-8dce-36e2ab382ca2","timestamp":"2025-11-04 17:52:03"}
{"level":"info","message":"✅ Encontradas 0 comissões","timestamp":"2025-11-04 17:52:03"}
{"level":"info","message":"📋 Buscando comissões para líder: 6febce56-0a6e-4b4d-8dce-36e2ab382ca2","timestamp":"2025-11-04 17:52:03"}
{"level":"info","message":"📋 Buscando comissões para: 6febce56-0a6e-4b4d-8dce-36e2ab382ca2","timestamp":"2025-11-04 17:52:03"}
{"level":"info","message":"✅ Encontradas 0 comissões","timestamp":"2025-11-04 17:52:03"}
{"level":"info","message":"📊 Buscando resumo para usuário: 6febce56-0a6e-4b4d-8dce-36e2ab382ca2","timestamp":"2025-11-04 17:52:03"}
{"level":"info","message":"📊 Buscando resumo para usuário: 6febce56-0a6e-4b4d-8dce-36e2ab382ca2","timestamp":"2025-11-04 17:52:03"}
{"level":"info","message":"📋 Buscando comissões para líder: f764b02f-9b65-4385-9d98-b0b7d70f121d","timestamp":"2025-11-04 17:52:06"}
{"level":"info","message":"📋 Buscando comissões para: f764b02f-9b65-4385-9d98-b0b7d70f121d","timestamp":"2025-11-04 17:52:06"}
{"level":"info","message":"✅ Encontradas 0 comissões","timestamp":"2025-11-04 17:52:06"}
{"level":"info","message":"📋 Buscando comissões para líder: f764b02f-9b65-4385-9d98-b0b7d70f121d","timestamp":"2025-11-04 17:52:06"}
{"level":"info","message":"📋 Buscando comissões para: f764b02f-9b65-4385-9d98-b0b7d70f121d","timestamp":"2025-11-04 17:52:06"}
{"level":"info","message":"📊 Buscando resumo para usuário: f764b02f-9b65-4385-9d98-b0b7d70f121d","timestamp":"2025-11-04 17:52:06"}
{"level":"info","message":"✅ Encontradas 0 comissões","timestamp":"2025-11-04 17:52:06"}
{"level":"info","message":"📊 Buscando resumo para usuário: f764b02f-9b65-4385-9d98-b0b7d70f121d","timestamp":"2025-11-04 17:52:06"}
{"level":"info","message":"📋 Buscando comissões para líder: f764b02f-9b65-4385-9d98-b0b7d70f121d","timestamp":"2025-11-04 17:54:41"}
{"level":"info","message":"📋 Buscando comissões para: f764b02f-9b65-4385-9d98-b0b7d70f121d","timestamp":"2025-11-04 17:54:41"}
{"level":"info","message":"✅ Encontradas 0 comissões","timestamp":"2025-11-04 17:54:41"}
{"level":"info","message":"📋 Buscando comissões para líder: f764b02f-9b65-4385-9d98-b0b7d70f121d","timestamp":"2025-11-04 17:54:41"}
{"level":"info","message":"📋 Buscando comissões para: f764b02f-9b65-4385-9d98-b0b7d70f121d","timestamp":"2025-11-04 17:54:41"}
{"level":"info","message":"✅ Encontradas 0 comissões","timestamp":"2025-11-04 17:54:41"}
{"level":"info","message":"📊 Buscando resumo para usuário: f764b02f-9b65-4385-9d98-b0b7d70f121d","timestamp":"2025-11-04 17:54:41"}
{"level":"info","message":"📊 Buscando resumo para usuário: f764b02f-9b65-4385-9d98-b0b7d70f121d","timestamp":"2025-11-04 17:54:41"}
{"level":"info","message":"📋 Buscando comissões para líder: f764b02f-9b65-4385-9d98-b0b7d70f121d","timestamp":"2025-11-04 17:56:13"}
{"level":"info","message":"📋 Buscando comissões para: f764b02f-9b65-4385-9d98-b0b7d70f121d","timestamp":"2025-11-04 17:56:13"}
{"level":"info","message":"✅ Encontradas 0 comissões","timestamp":"2025-11-04 17:56:13"}
{"level":"info","message":"📋 Buscando comissões para líder: f764b02f-9b65-4385-9d98-b0b7d70f121d","timestamp":"2025-11-04 17:56:13"}
{"level":"info","message":"📋 Buscando comissões para: f764b02f-9b65-4385-9d98-b0b7d70f121d","timestamp":"2025-11-04 17:56:13"}
{"level":"info","message":"📊 Buscando resumo para usuário: f764b02f-9b65-4385-9d98-b0b7d70f121d","timestamp":"2025-11-04 17:56:13"}
{"level":"info","message":"✅ Encontradas 0 comissões","timestamp":"2025-11-04 17:56:13"}
{"level":"info","message":"📊 Buscando resumo para usuário: f764b02f-9b65-4385-9d98-b0b7d70f121d","timestamp":"2025-11-04 17:56:13"}
{"level":"info","message":"📋 Buscando comissões para líder: f764b02f-9b65-4385-9d98-b0b7d70f121d","timestamp":"2025-11-04 17:56:14"}
{"level":"info","message":"📋 Buscando comissões para: f764b02f-9b65-4385-9d98-b0b7d70f121d","timestamp":"2025-11-04 17:56:14"}
{"level":"info","message":"✅ Encontradas 0 comissões","timestamp":"2025-11-04 17:56:14"}
{"level":"info","message":"📋 Buscando comissões para líder: f764b02f-9b65-4385-9d98-b0b7d70f121d","timestamp":"2025-11-04 17:56:14"}
{"level":"info","message":"📋 Buscando comissões para: f764b02f-9b65-4385-9d98-b0b7d70f121d","timestamp":"2025-11-04 17:56:14"}
{"level":"info","message":"📊 Buscando resumo para usuário: f764b02f-9b65-4385-9d98-b0b7d70f121d","timestamp":"2025-11-04 17:56:14"}
{"level":"info","message":"✅ Encontradas 0 comissões","timestamp":"2025-11-04 17:56:14"}
{"level":"info","message":"📊 Buscando resumo para usuário: f764b02f-9b65-4385-9d98-b0b7d70f121d","timestamp":"2025-11-04 17:56:14"}
{"level":"info","message":"📋 Buscando comissões para líder: f764b02f-9b65-4385-9d98-b0b7d70f121d","timestamp":"2025-11-04 17:56:14"}
{"level":"info","message":"📋 Buscando comissões para: f764b02f-9b65-4385-9d98-b0b7d70f121d","timestamp":"2025-11-04 17:56:14"}
{"level":"info","message":"✅ Encontradas 0 comissões","timestamp":"2025-11-04 17:56:14"}
{"level":"info","message":"📋 Buscando comissões para líder: f764b02f-9b65-4385-9d98-b0b7d70f121d","timestamp":"2025-11-04 17:56:14"}
{"level":"info","message":"📋 Buscando comissões para: f764b02f-9b65-4385-9d98-b0b7d70f121d","timestamp":"2025-11-04 17:56:14"}
{"level":"info","message":"📊 Buscando resumo para usuário: f764b02f-9b65-4385-9d98-b0b7d70f121d","timestamp":"2025-11-04 17:56:14"}
{"level":"info","message":"✅ Encontradas 0 comissões","timestamp":"2025-11-04 17:56:14"}
{"level":"info","message":"📊 Buscando resumo para usuário: f764b02f-9b65-4385-9d98-b0b7d70f121d","timestamp":"2025-11-04 17:56:14"}
{"level":"info","message":"📋 Buscando comissões para líder: f764b02f-9b65-4385-9d98-b0b7d70f121d","timestamp":"2025-11-04 17:56:14"}
{"level":"info","message":"📋 Buscando comissões para: f764b02f-9b65-4385-9d98-b0b7d70f121d","timestamp":"2025-11-04 17:56:14"}
{"level":"info","message":"✅ Encontradas 0 comissões","timestamp":"2025-11-04 17:56:14"}
{"level":"info","message":"📋 Buscando comissões para líder: f764b02f-9b65-4385-9d98-b0b7d70f121d","timestamp":"2025-11-04 17:56:14"}
{"level":"info","message":"📋 Buscando comissões para: f764b02f-9b65-4385-9d98-b0b7d70f121d","timestamp":"2025-11-04 17:56:14"}
{"level":"info","message":"📊 Buscando resumo para usuário: f764b02f-9b65-4385-9d98-b0b7d70f121d","timestamp":"2025-11-04 17:56:14"}
{"level":"info","message":"✅ Encontradas 0 comissões","timestamp":"2025-11-04 17:56:14"}
{"level":"info","message":"📊 Buscando resumo para usuário: f764b02f-9b65-4385-9d98-b0b7d70f121d","timestamp":"2025-11-04 17:56:14"}
{"level":"info","message":"📋 Buscando comissões para líder: f764b02f-9b65-4385-9d98-b0b7d70f121d","timestamp":"2025-11-04 17:56:14"}
{"level":"info","message":"📋 Buscando comissões para: f764b02f-9b65-4385-9d98-b0b7d70f121d","timestamp":"2025-11-04 17:56:14"}
{"level":"info","message":"✅ Encontradas 0 comissões","timestamp":"2025-11-04 17:56:14"}
{"level":"info","message":"📋 Buscando comissões para líder: f764b02f-9b65-4385-9d98-b0b7d70f121d","timestamp":"2025-11-04 17:56:14"}
{"level":"info","message":"📋 Buscando comissões para: f764b02f-9b65-4385-9d98-b0b7d70f121d","timestamp":"2025-11-04 17:56:14"}
{"level":"info","message":"📊 Buscando resumo para usuário: f764b02f-9b65-4385-9d98-b0b7d70f121d","timestamp":"2025-11-04 17:56:14"}
{"level":"info","message":"✅ Encontradas 0 comissões","timestamp":"2025-11-04 17:56:14"}
{"level":"info","message":"📋 Buscando comissões para líder: f764b02f-9b65-4385-9d98-b0b7d70f121d","timestamp":"2025-11-04 17:56:15"}
{"level":"info","message":"📋 Buscando comissões para: f764b02f-9b65-4385-9d98-b0b7d70f121d","timestamp":"2025-11-04 17:56:15"}
{"level":"info","message":"✅ Encontradas 0 comissões","timestamp":"2025-11-04 17:56:15"}
{"level":"info","message":"📋 Buscando comissões para líder: f764b02f-9b65-4385-9d98-b0b7d70f121d","timestamp":"2025-11-04 17:56:15"}
{"level":"info","message":"📋 Buscando comissões para: f764b02f-9b65-4385-9d98-b0b7d70f121d","timestamp":"2025-11-04 17:56:15"}
{"level":"info","message":"✅ Encontradas 0 comissões","timestamp":"2025-11-04 17:56:15"}
{"level":"info","message":"📊 Buscando resumo para usuário: f764b02f-9b65-4385-9d98-b0b7d70f121d","timestamp":"2025-11-04 17:56:15"}
{"level":"info","message":"📊 Buscando resumo para usuário: f764b02f-9b65-4385-9d98-b0b7d70f121d","timestamp":"2025-11-04 17:56:15"}
{"level":"info","message":"📋 Buscando comissões para líder: f764b02f-9b65-4385-9d98-b0b7d70f121d","timestamp":"2025-11-04 17:56:15"}
{"level":"info","message":"📋 Buscando comissões para: f764b02f-9b65-4385-9d98-b0b7d70f121d","timestamp":"2025-11-04 17:56:15"}
{"level":"info","message":"✅ Encontradas 0 comissões","timestamp":"2025-11-04 17:56:15"}
{"level":"info","message":"📋 Buscando comissões para líder: f764b02f-9b65-4385-9d98-b0b7d70f121d","timestamp":"2025-11-04 17:56:15"}
{"level":"info","message":"📋 Buscando comissões para: f764b02f-9b65-4385-9d98-b0b7d70f121d","timestamp":"2025-11-04 17:56:15"}
{"level":"info","message":"✅ Encontradas 0 comissões","timestamp":"2025-11-04 17:56:15"}
{"level":"info","message":"📊 Buscando resumo para usuário: f764b02f-9b65-4385-9d98-b0b7d70f121d","timestamp":"2025-11-04 17:56:15"}
{"level":"info","message":"📊 Buscando resumo para usuário: f764b02f-9b65-4385-9d98-b0b7d70f121d","timestamp":"2025-11-04 17:56:15"}
{"level":"info","message":"📋 Buscando comissões para líder: f764b02f-9b65-4385-9d98-b0b7d70f121d","timestamp":"2025-11-04 17:56:15"}
{"level":"info","message":"📋 Buscando comissões para: f764b02f-9b65-4385-9d98-b0b7d70f121d","timestamp":"2025-11-04 17:56:15"}
{"level":"info","message":"✅ Encontradas 0 comissões","timestamp":"2025-11-04 17:56:15"}
{"level":"info","message":"📋 Buscando comissões para líder: f764b02f-9b65-4385-9d98-b0b7d70f121d","timestamp":"2025-11-04 17:56:15"}
{"level":"info","message":"📋 Buscando comissões para: f764b02f-9b65-4385-9d98-b0b7d70f121d","timestamp":"2025-11-04 17:56:15"}
{"level":"info","message":"✅ Encontradas 0 comissões","timestamp":"2025-11-04 17:56:15"}
{"level":"info","message":"📊 Buscando resumo para usuário: f764b02f-9b65-4385-9d98-b0b7d70f121d","timestamp":"2025-11-04 17:56:15"}
{"level":"info","message":"📊 Buscando resumo para usuário: f764b02f-9b65-4385-9d98-b0b7d70f121d","timestamp":"2025-11-04 17:56:15"}
{"level":"info","message":"🔍 [ADD_MEMBER] Leader ID recebido: f764b02f-9b65-4385-9d98-b0b7d70f121d","timestamp":"2025-11-04 18:04:51"}
{"level":"info","message":"🔍 [ADD_MEMBER] Dados: {\"email\":\"lucas@gmail.com\",\"name\":\"lucas\"}","timestamp":"2025-11-04 18:04:51"}
{"level":"error","message":"❌ [ADD_MEMBER] LEADER NÃO EXISTE! ID: f764b02f-9b65-4385-9d98-b0b7d70f121d","timestamp":"2025-11-04 18:04:51"}
{"level":"error","message":"❌ [ADD_MEMBER] ERRO: Líder com ID f764b02f-9b65-4385-9d98-b0b7d70f121d não encontrado no banco de dados","timestamp":"2025-11-04 18:04:51"}
{"level":"error","message":"❌ [ADD_MEMBER] Stack: Error: Líder com ID f764b02f-9b65-4385-9d98-b0b7d70f121d não encontrado no banco de dados\n    at TeamService.addTeamMember (/usr/src/app/src/modules/team/team.service.ts:55:15)\n    at process.processTicksAndRejections (node:internal/process/task_queues:95:5)\n    at async TeamController.addTeamMember (/usr/src/app/src/modules/team/team.controller.ts:34:22)","timestamp":"2025-11-04 18:04:51"}
{"level":"info","message":"📋 Buscando comissões para líder: 8285defd-d78e-4b14-b492-a7ed6e0bfd82","timestamp":"2025-11-04 18:07:48"}
{"level":"info","message":"📋 Buscando comissões para: 8285defd-d78e-4b14-b492-a7ed6e0bfd82","timestamp":"2025-11-04 18:07:48"}
{"level":"info","message":"✅ Encontradas 0 comissões","timestamp":"2025-11-04 18:07:48"}
{"level":"info","message":"📋 Buscando comissões para líder: 8285defd-d78e-4b14-b492-a7ed6e0bfd82","timestamp":"2025-11-04 18:07:48"}
{"level":"info","message":"📋 Buscando comissões para: 8285defd-d78e-4b14-b492-a7ed6e0bfd82","timestamp":"2025-11-04 18:07:48"}
{"level":"info","message":"✅ Encontradas 0 comissões","timestamp":"2025-11-04 18:07:48"}
{"level":"info","message":"📊 Buscando resumo para usuário: 8285defd-d78e-4b14-b492-a7ed6e0bfd82","timestamp":"2025-11-04 18:07:48"}
{"level":"info","message":"📊 Buscando resumo para usuário: 8285defd-d78e-4b14-b492-a7ed6e0bfd82","timestamp":"2025-11-04 18:07:48"}
{"level":"info","message":"🔍 [ADD_MEMBER] Leader ID recebido: 8285defd-d78e-4b14-b492-a7ed6e0bfd82","timestamp":"2025-11-04 18:07:58"}
{"level":"info","message":"🔍 [ADD_MEMBER] Dados: {\"email\":\"lucas@gmail.com\",\"name\":\"lucas\"}","timestamp":"2025-11-04 18:07:58"}
{"level":"info","message":"✅ [ADD_MEMBER] Líder encontrado: samuel (admin@fortal.com)","timestamp":"2025-11-04 18:07:58"}
{"level":"info","message":"✅ [ADD_MEMBER] Usuário já existe: 9d25c096-3aae-4f69-a3a8-fc37b87b8f0b","timestamp":"2025-11-04 18:07:58"}
{"level":"info","message":"🔗 [ADD_MEMBER] Criando hierarquia: Leader=8285defd-d78e-4b14-b492-a7ed6e0bfd82, Member=9d25c096-3aae-4f69-a3a8-fc37b87b8f0b","timestamp":"2025-11-04 18:07:58"}
{"level":"info","message":"✅ [ADD_MEMBER] Hierarquia criada com sucesso!","timestamp":"2025-11-04 18:07:58"}
{"level":"info","message":"🎉 VENDA CRIADA: 53b42ba2-2048-44f8-90ad-9937b39a2ad0","timestamp":"2025-11-04 18:08:57"}
{"level":"error","message":"❌ Erro ao criar venda: Cannot read properties of undefined (reading 'personal_commission')","timestamp":"2025-11-04 18:08:57"}
{"level":"info","message":"🎉 VENDA CRIADA: 87026993-d8be-440a-a874-5aa3ca8f00dd","timestamp":"2025-11-04 18:09:35"}
{"level":"error","message":"❌ Erro ao criar venda: Cannot read properties of undefined (reading 'personal_commission')","timestamp":"2025-11-04 18:09:35"}
{"level":"error","message":"❌ Erro ao contar notificações não lidas: relation \"notifications\" does not exist","timestamp":"2025-11-04 18:21:40"}
{"level":"error","message":"❌ Erro ao listar notificações: relation \"notifications\" does not exist","timestamp":"2025-11-04 18:21:40"}
{"level":"error","message":"❌ Erro ao contar notificações não lidas: relation \"notifications\" does not exist","timestamp":"2025-11-04 18:21:40"}
{"level":"error","message":"❌ Erro ao listar notificações: relation \"notifications\" does not exist","timestamp":"2025-11-04 18:21:40"}
{"level":"error","message":"❌ Erro ao listar notificações: relation \"notifications\" does not exist","timestamp":"2025-11-04 18:22:40"}
{"level":"error","message":"❌ Erro ao contar notificações não lidas: relation \"notifications\" does not exist","timestamp":"2025-11-04 18:22:40"}
{"level":"error","message":"❌ Erro ao listar notificações: relation \"notifications\" does not exist","timestamp":"2025-11-04 18:22:40"}
{"level":"error","message":"❌ Erro ao contar notificações não lidas: relation \"notifications\" does not exist","timestamp":"2025-11-04 18:22:40"}
{"level":"error","message":"❌ Erro ao contar notificações não lidas: relation \"notifications\" does not exist","timestamp":"2025-11-04 18:23:40"}
{"level":"error","message":"❌ Erro ao listar notificações: relation \"notifications\" does not exist","timestamp":"2025-11-04 18:23:40"}
{"level":"error","message":"❌ Erro ao contar notificações não lidas: relation \"notifications\" does not exist","timestamp":"2025-11-04 18:23:40"}
{"level":"error","message":"❌ Erro ao listar notificações: relation \"notifications\" does not exist","timestamp":"2025-11-04 18:23:40"}
{"level":"error","message":"❌ Erro ao contar notificações não lidas: relation \"notifications\" does not exist","timestamp":"2025-11-04 18:24:40"}
{"level":"error","message":"❌ Erro ao listar notificações: relation \"notifications\" does not exist","timestamp":"2025-11-04 18:24:40"}
{"level":"error","message":"❌ Erro ao contar notificações não lidas: relation \"notifications\" does not exist","timestamp":"2025-11-04 18:24:40"}
{"level":"error","message":"❌ Erro ao listar notificações: relation \"notifications\" does not exist","timestamp":"2025-11-04 18:24:40"}
{"level":"info","message":"🎉 VENDA CRIADA: 837c15be-c940-4817-b5c7-d1d63dee1be6","timestamp":"2025-11-04 18:40:16"}
{"level":"error","message":"❌ Erro ao criar venda: column \"points\" does not exist","timestamp":"2025-11-04 18:40:16"}
{"level":"info","message":"📋 Buscando comissões para líder: a078c03c-d8c9-43d6-a51a-a21a7e1bd0b6","timestamp":"2025-11-04 18:50:24"}
{"level":"info","message":"📋 Buscando comissões para: a078c03c-d8c9-43d6-a51a-a21a7e1bd0b6","timestamp":"2025-11-04 18:50:24"}
{"level":"info","message":"✅ Encontradas 0 comissões","timestamp":"2025-11-04 18:50:24"}
{"level":"info","message":"📋 Buscando comissões para líder: a078c03c-d8c9-43d6-a51a-a21a7e1bd0b6","timestamp":"2025-11-04 18:50:24"}
{"level":"info","message":"📋 Buscando comissões para: a078c03c-d8c9-43d6-a51a-a21a7e1bd0b6","timestamp":"2025-11-04 18:50:24"}
{"level":"info","message":"✅ Encontradas 0 comissões","timestamp":"2025-11-04 18:50:24"}
{"level":"info","message":"📊 Buscando resumo para usuário: a078c03c-d8c9-43d6-a51a-a21a7e1bd0b6","timestamp":"2025-11-04 18:50:24"}
{"level":"info","message":"📊 Buscando resumo para usuário: a078c03c-d8c9-43d6-a51a-a21a7e1bd0b6","timestamp":"2025-11-04 18:50:24"}
{"level":"info","message":"🎉 VENDA CRIADA: 0e1b3229-8bc9-4805-ad97-2ec275b10d5d","timestamp":"2025-11-04 18:50:32"}
{"level":"error","message":"❌ Erro ao criar venda: column \"points\" does not exist","timestamp":"2025-11-04 18:50:32"}
{"level":"info","message":"🎉 VENDA CRIADA: 023474f2-9817-4179-9a81-d3f5541076fd","timestamp":"2025-11-05 01:32:57"}
{"level":"error","message":"❌ Erro ao criar venda: column \"points\" does not exist","timestamp":"2025-11-05 01:32:57"}
{"level":"info","message":"📋 Buscando comissões para líder: a078c03c-d8c9-43d6-a51a-a21a7e1bd0b6","timestamp":"2025-11-05 04:26:30"}
{"level":"info","message":"📋 Buscando comissões para: a078c03c-d8c9-43d6-a51a-a21a7e1bd0b6","timestamp":"2025-11-05 04:26:30"}
{"level":"info","message":"✅ Encontradas 0 comissões","timestamp":"2025-11-05 04:26:30"}
{"level":"info","message":"📋 Buscando comissões para líder: a078c03c-d8c9-43d6-a51a-a21a7e1bd0b6","timestamp":"2025-11-05 04:26:30"}
{"level":"info","message":"📋 Buscando comissões para: a078c03c-d8c9-43d6-a51a-a21a7e1bd0b6","timestamp":"2025-11-05 04:26:30"}
{"level":"info","message":"✅ Encontradas 0 comissões","timestamp":"2025-11-05 04:26:30"}
{"level":"info","message":"📊 Buscando resumo para usuário: a078c03c-d8c9-43d6-a51a-a21a7e1bd0b6","timestamp":"2025-11-05 04:26:30"}
{"level":"info","message":"📊 Buscando resumo para usuário: a078c03c-d8c9-43d6-a51a-a21a7e1bd0b6","timestamp":"2025-11-05 04:26:30"}
{"level":"info","message":"🎉 VENDA CRIADA: 97c5ed78-cab3-44d3-adea-2ae672a90457","timestamp":"2025-11-05 04:26:40"}
{"level":"error","message":"❌ Erro ao criar venda: column \"points\" does not exist","timestamp":"2025-11-05 04:26:40"}
{"level":"error","message":"❌ Erro ao contar notificações não lidas: relation \"notifications\" does not exist","timestamp":"2025-11-05 04:37:37"}
{"level":"error","message":"❌ Erro ao listar notificações: relation \"notifications\" does not exist","timestamp":"2025-11-05 04:37:37"}
{"level":"info","message":"🎉 VENDA CRIADA: 7ba3afb3-2263-4330-b551-b1479d06b63f","timestamp":"2025-11-05 04:40:21"}
{"level":"info","message":"✅ TRANSAÇÃO COMMITADA - Venda: 7ba3afb3-2263-4330-b551-b1479d06b63f","timestamp":"2025-11-05 04:40:21"}
{"level":"info","message":"📝 INICIANDO PROCESSAMENTO DE COMISSÃO...","timestamp":"2025-11-05 04:40:21"}
{"level":"info","message":"📝 [COMISSÃO] Iniciando para membro: 1b3cf5e5-c7ae-4c7f-9d7c-29c3842ebc27","timestamp":"2025-11-05 04:40:21"}
{"level":"info","message":"⚠️ [COMISSÃO] Membro SEM líder","timestamp":"2025-11-05 04:40:21"}
{"level":"info","message":"✅ PROCESSAMENTO DE COMISSÃO FINALIZADO","timestamp":"2025-11-05 04:40:21"}
{"level":"info","message":"✅ Notificação criada para usuário 1b3cf5e5-c7ae-4c7f-9d7c-29c3842ebc27: 🎉 Nova Venda Registrada!","timestamp":"2025-11-05 04:40:21"}
{"level":"info","message":"📋 Buscando comissões para líder: 1b3cf5e5-c7ae-4c7f-9d7c-29c3842ebc27","timestamp":"2025-11-05 04:40:23"}
{"level":"info","message":"📋 Buscando comissões para: 1b3cf5e5-c7ae-4c7f-9d7c-29c3842ebc27","timestamp":"2025-11-05 04:40:23"}
{"level":"info","message":"✅ Encontradas 0 comissões","timestamp":"2025-11-05 04:40:23"}
{"level":"info","message":"📋 Buscando comissões para líder: 1b3cf5e5-c7ae-4c7f-9d7c-29c3842ebc27","timestamp":"2025-11-05 04:40:23"}
{"level":"info","message":"📋 Buscando comissões para: 1b3cf5e5-c7ae-4c7f-9d7c-29c3842ebc27","timestamp":"2025-11-05 04:40:23"}
{"level":"info","message":"✅ Encontradas 0 comissões","timestamp":"2025-11-05 04:40:23"}
{"level":"info","message":"📊 Buscando resumo para usuário: 1b3cf5e5-c7ae-4c7f-9d7c-29c3842ebc27","timestamp":"2025-11-05 04:40:23"}
{"level":"info","message":"📊 Buscando resumo para usuário: 1b3cf5e5-c7ae-4c7f-9d7c-29c3842ebc27","timestamp":"2025-11-05 04:40:23"}
{"level":"info","message":"📋 Buscando comissões para líder: 9836775c-a8ec-4078-920e-aa88c92dd809","timestamp":"2025-11-05 04:41:29"}
{"level":"info","message":"📋 Buscando comissões para: 9836775c-a8ec-4078-920e-aa88c92dd809","timestamp":"2025-11-05 04:41:29"}
{"level":"info","message":"✅ Encontradas 0 comissões","timestamp":"2025-11-05 04:41:29"}
{"level":"info","message":"📋 Buscando comissões para líder: 9836775c-a8ec-4078-920e-aa88c92dd809","timestamp":"2025-11-05 04:41:29"}
{"level":"info","message":"📋 Buscando comissões para: 9836775c-a8ec-4078-920e-aa88c92dd809","timestamp":"2025-11-05 04:41:29"}
{"level":"info","message":"✅ Encontradas 0 comissões","timestamp":"2025-11-05 04:41:29"}
{"level":"info","message":"📊 Buscando resumo para usuário: 9836775c-a8ec-4078-920e-aa88c92dd809","timestamp":"2025-11-05 04:41:29"}
{"level":"info","message":"📊 Buscando resumo para usuário: 9836775c-a8ec-4078-920e-aa88c92dd809","timestamp":"2025-11-05 04:41:29"}
{"level":"info","message":"🔍 [ADD_MEMBER] Leader ID recebido: 9836775c-a8ec-4078-920e-aa88c92dd809","timestamp":"2025-11-05 04:41:43"}
{"level":"info","message":"🔍 [ADD_MEMBER] Dados: {\"email\":\"lucas@gmail.com\",\"name\":\"lucas\"}","timestamp":"2025-11-05 04:41:43"}
{"level":"info","message":"✅ [ADD_MEMBER] Líder encontrado: samuel (sam@gmail.com)","timestamp":"2025-11-05 04:41:43"}
{"level":"info","message":"✅ [ADD_MEMBER] Usuário já existe: 1b3cf5e5-c7ae-4c7f-9d7c-29c3842ebc27","timestamp":"2025-11-05 04:41:43"}
{"level":"info","message":"🔗 [ADD_MEMBER] Criando hierarquia: Leader=9836775c-a8ec-4078-920e-aa88c92dd809, Member=1b3cf5e5-c7ae-4c7f-9d7c-29c3842ebc27","timestamp":"2025-11-05 04:41:43"}
{"level":"info","message":"✅ [ADD_MEMBER] Hierarquia criada com sucesso!","timestamp":"2025-11-05 04:41:43"}
{"level":"info","message":"📋 Buscando comissões para líder: 9836775c-a8ec-4078-920e-aa88c92dd809","timestamp":"2025-11-05 04:41:46"}
{"level":"info","message":"📋 Buscando comissões para: 9836775c-a8ec-4078-920e-aa88c92dd809","timestamp":"2025-11-05 04:41:46"}
{"level":"info","message":"✅ Encontradas 0 comissões","timestamp":"2025-11-05 04:41:46"}
{"level":"info","message":"📋 Buscando comissões para líder: 9836775c-a8ec-4078-920e-aa88c92dd809","timestamp":"2025-11-05 04:41:46"}
{"level":"info","message":"📋 Buscando comissões para: 9836775c-a8ec-4078-920e-aa88c92dd809","timestamp":"2025-11-05 04:41:46"}
{"level":"info","message":"✅ Encontradas 0 comissões","timestamp":"2025-11-05 04:41:46"}
{"level":"info","message":"📊 Buscando resumo para usuário: 9836775c-a8ec-4078-920e-aa88c92dd809","timestamp":"2025-11-05 04:41:46"}
{"level":"info","message":"📊 Buscando resumo para usuário: 9836775c-a8ec-4078-920e-aa88c92dd809","timestamp":"2025-11-05 04:41:46"}
{"level":"info","message":"✅ Notificação f43a9009-36d3-45dd-bf2f-fe08356c657a deletada","timestamp":"2025-11-05 04:42:06"}
{"level":"info","message":"🎉 VENDA CRIADA: ef1fde29-f7e4-445b-b45c-ca42658b93de","timestamp":"2025-11-05 04:42:25"}
{"level":"info","message":"✅ TRANSAÇÃO COMMITADA - Venda: ef1fde29-f7e4-445b-b45c-ca42658b93de","timestamp":"2025-11-05 04:42:25"}
{"level":"info","message":"📝 INICIANDO PROCESSAMENTO DE COMISSÃO...","timestamp":"2025-11-05 04:42:25"}
{"level":"info","message":"📝 [COMISSÃO] Iniciando para membro: 1b3cf5e5-c7ae-4c7f-9d7c-29c3842ebc27","timestamp":"2025-11-05 04:42:25"}
{"level":"info","message":"⚠️ [COMISSÃO] Líder tem taxa 0%","timestamp":"2025-11-05 04:42:25"}
{"level":"info","message":"✅ PROCESSAMENTO DE COMISSÃO FINALIZADO","timestamp":"2025-11-05 04:42:25"}
{"level":"info","message":"✅ Notificação de Cesta Básica criada para 1b3cf5e5-c7ae-4c7f-9d7c-29c3842ebc27","timestamp":"2025-11-05 04:42:25"}
{"level":"info","message":"✅ Notificação criada para usuário 1b3cf5e5-c7ae-4c7f-9d7c-29c3842ebc27: 🎉 Nova Venda Registrada!","timestamp":"2025-11-05 04:42:25"}
{"level":"info","message":"✅ Notificação criada para usuário 1b3cf5e5-c7ae-4c7f-9d7c-29c3842ebc27: 🏆 Meta Atingida - Cesta Básica!","timestamp":"2025-11-05 04:42:25"}
{"level":"info","message":"✅ Notificação c98f47fa-e6f1-49e2-b650-7af2b2bb03dc deletada","timestamp":"2025-11-05 04:59:16"}
{"level":"info","message":"✅ Notificação 4fa20546-8052-4da3-894a-1658a2cac908 deletada","timestamp":"2025-11-05 04:59:16"}
{"level":"info","message":"✅ Notificação 790b217d-9180-4187-8e82-9c487c64ece5 deletada","timestamp":"2025-11-05 04:59:16"}
{"level":"info","message":"🎉 VENDA CRIADA: e6e71914-7f8e-4fbb-9719-65e17cdd450d","timestamp":"2025-11-05 04:59:32"}
{"level":"info","message":"✅ TRANSAÇÃO COMMITADA - Venda: e6e71914-7f8e-4fbb-9719-65e17cdd450d","timestamp":"2025-11-05 04:59:32"}
{"level":"info","message":"📝 INICIANDO PROCESSAMENTO DE COMISSÃO...","timestamp":"2025-11-05 04:59:32"}
{"level":"info","message":"📝 [COMISSÃO] Iniciando para membro: 1b3cf5e5-c7ae-4c7f-9d7c-29c3842ebc27","timestamp":"2025-11-05 04:59:32"}
{"level":"info","message":"⚠️ [COMISSÃO] Líder tem taxa 0%","timestamp":"2025-11-05 04:59:32"}
{"level":"info","message":"✅ PROCESSAMENTO DE COMISSÃO FINALIZADO","timestamp":"2025-11-05 04:59:32"}
{"level":"info","message":"✅ Notificação criada para usuário 1b3cf5e5-c7ae-4c7f-9d7c-29c3842ebc27: 🎉 Nova Venda Registrada!","timestamp":"2025-11-05 04:59:32"}
{"level":"info","message":"✅ Notificação criada para usuário 1b3cf5e5-c7ae-4c7f-9d7c-29c3842ebc27: 🏆 Meta Atingida - Cesta Básica!","timestamp":"2025-11-05 04:59:32"}
{"level":"info","message":"✅ Notificação 56d15142-baea-4a95-8387-fe5d37de44f8 deletada","timestamp":"2025-11-05 04:59:47"}
{"level":"info","message":"✅ Notificação e832d055-e8d5-4948-bbea-2c301754b15f deletada","timestamp":"2025-11-05 04:59:47"}
{"level":"info","message":"🎉 VENDA CRIADA: 64fda1cd-cc32-4939-954d-5a861539de31","timestamp":"2025-11-05 05:09:28"}
{"level":"info","message":"✅ TRANSAÇÃO COMMITADA - Venda: 64fda1cd-cc32-4939-954d-5a861539de31","timestamp":"2025-11-05 05:09:28"}
{"level":"info","message":"📝 INICIANDO PROCESSAMENTO DE COMISSÃO...","timestamp":"2025-11-05 05:09:28"}
{"level":"info","message":"📝 [COMISSÃO] Iniciando para membro: 9836775c-a8ec-4078-920e-aa88c92dd809","timestamp":"2025-11-05 05:09:28"}
{"level":"info","message":"⚠️ [COMISSÃO] Membro SEM líder","timestamp":"2025-11-05 05:09:28"}
{"level":"info","message":"✅ PROCESSAMENTO DE COMISSÃO FINALIZADO","timestamp":"2025-11-05 05:09:28"}
{"level":"info","message":"✅ Notificação de Cesta Básica criada para 9836775c-a8ec-4078-920e-aa88c92dd809","timestamp":"2025-11-05 05:09:28"}
{"level":"info","message":"✅ Notificação criada para usuário 9836775c-a8ec-4078-920e-aa88c92dd809: 🎉 Nova Venda Registrada!","timestamp":"2025-11-05 05:09:28"}
{"level":"info","message":"✅ Notificação criada para usuário 9836775c-a8ec-4078-920e-aa88c92dd809: 🏆 Meta Atingida - Cesta Básica!","timestamp":"2025-11-05 05:09:28"}
{"level":"info","message":"✅ Notificação ef4e6634-90a0-42b2-a087-b170db93f565 deletada","timestamp":"2025-11-05 17:12:45"}
{"level":"info","message":"✅ Notificação e655aadc-e06c-444c-9423-0dbef51c3d02 deletada","timestamp":"2025-11-05 17:12:45"}
{"level":"info","message":"✅ Notificação b42ec5dd-54c8-4e0b-b9f1-ad033dd8bcee deletada","timestamp":"2025-11-05 17:12:46"}
{"level":"info","message":"🎉 VENDA CRIADA: 8386b107-420a-4d7d-9e50-46468834e62e","timestamp":"2025-11-05 17:31:04"}
{"level":"info","message":"✅ TRANSAÇÃO COMMITADA - Venda: 8386b107-420a-4d7d-9e50-46468834e62e","timestamp":"2025-11-05 17:31:04"}
{"level":"info","message":"📝 INICIANDO PROCESSAMENTO DE COMISSÃO...","timestamp":"2025-11-05 17:31:04"}
{"level":"info","message":"📝 [COMISSÃO] Iniciando para membro: 9836775c-a8ec-4078-920e-aa88c92dd809","timestamp":"2025-11-05 17:31:04"}
{"level":"info","message":"⚠️ [COMISSÃO] Membro SEM líder","timestamp":"2025-11-05 17:31:04"}
{"level":"info","message":"✅ PROCESSAMENTO DE COMISSÃO FINALIZADO","timestamp":"2025-11-05 17:31:04"}
{"level":"info","message":"✅ Notificação criada para usuário 9836775c-a8ec-4078-920e-aa88c92dd809: 🎉 Nova Venda Registrada!","timestamp":"2025-11-05 17:31:04"}
{"level":"info","message":"✅ Notificação criada para usuário 9836775c-a8ec-4078-920e-aa88c92dd809: 🏆 Meta Atingida - Cesta Básica!","timestamp":"2025-11-05 17:31:04"}
{"level":"info","message":"✅ Notificação 777c08aa-5e51-4066-a8b0-8a3d2b05fc70 deletada","timestamp":"2025-11-05 17:41:29"}
{"level":"info","message":"✅ Notificação ce97c055-07e9-4528-918c-75c2831c5d4a deletada","timestamp":"2025-11-05 17:41:30"}
{"level":"info","message":"🎉 VENDA CRIADA: 37874e99-3506-4c11-9942-5c70a8790680","timestamp":"2025-11-05 17:41:42"}
{"level":"info","message":"✅ TRANSAÇÃO COMMITADA - Venda: 37874e99-3506-4c11-9942-5c70a8790680","timestamp":"2025-11-05 17:41:42"}
{"level":"info","message":"📝 INICIANDO PROCESSAMENTO DE COMISSÃO...","timestamp":"2025-11-05 17:41:42"}
{"level":"info","message":"📝 [COMISSÃO] Iniciando para membro: 9836775c-a8ec-4078-920e-aa88c92dd809","timestamp":"2025-11-05 17:41:42"}
{"level":"info","message":"⚠️ [COMISSÃO] Membro SEM líder","timestamp":"2025-11-05 17:41:42"}
{"level":"info","message":"✅ PROCESSAMENTO DE COMISSÃO FINALIZADO","timestamp":"2025-11-05 17:41:42"}
{"level":"info","message":"✅ Notificação criada para usuário 9836775c-a8ec-4078-920e-aa88c92dd809: 🎉 Nova Venda Registrada!","timestamp":"2025-11-05 17:41:42"}
{"level":"error","message":"❌ Erro ao criar venda: column \"userid\" of relation \"sales\" does not exist","timestamp":"2025-11-05 18:05:09"}
{"level":"error","message":"❌ Erro ao criar venda: column \"userid\" of relation \"sales\" does not exist","timestamp":"2025-11-05 18:08:05"}
{"level":"info","message":"🎉 VENDA CRIADA: 1a2940d4-a85a-4ac8-bc7f-1b6f4ead29ec | asd | R$ 1000","timestamp":"2025-11-05 18:13:03"}
{"level":"info","message":"⭐ PONTOS ATUALIZADOS | Ganhos: 1200 | Total: 1200","timestamp":"2025-11-05 18:13:03"}
{"level":"error","message":"❌ Erro ao criar venda: column \"points_earned\" of relation \"points\" does not exist","timestamp":"2025-11-05 18:13:03"}
{"level":"info","message":"✅ Notificação 12c7b46b-f992-4c2b-9bc6-c8b58e91928b deletada","timestamp":"2025-11-05 18:15:02"}
{"level":"info","message":"🎉 VENDA CRIADA: 6f7b4a99-0445-48f4-bed4-58cac93e9173 | samuel | R$ 1000","timestamp":"2025-11-05 18:15:15"}
{"level":"info","message":"⭐ PONTOS ATUALIZADOS | Ganhos: 1000 | Total: 1000","timestamp":"2025-11-05 18:15:15"}
{"level":"error","message":"❌ Erro ao criar venda: column \"points_earned\" of relation \"points\" does not exist","timestamp":"2025-11-05 18:15:15"}
{"level":"info","message":"🎉 VENDA CRIADA: d1983f3e-450a-4043-ac9a-75aa2617a589 | 1111 | R$ 1000","timestamp":"2025-11-05 18:20:52"}
{"level":"info","message":"⭐ PONTOS ATUALIZADOS | Ganhos: 1000 | Total: 1000","timestamp":"2025-11-05 18:20:52"}
{"level":"info","message":"📊 PONTOS REGISTRADOS: 1000 pts","timestamp":"2025-11-05 18:20:52"}
{"level":"error","message":"❌ Erro ao criar venda: column \"level\" does not exist","timestamp":"2025-11-05 18:20:52"}
{"level":"info","message":"🎉 VENDA CRIADA: 6dabe029-64ae-44ab-bd0d-050a8b0de351 | 1111 | R$ 1000","timestamp":"2025-11-05 18:46:10"}
{"level":"info","message":"⭐ PONTOS ATUALIZADOS | Ganhos: 1000 | Total: 1000","timestamp":"2025-11-05 18:46:10"}
{"level":"info","message":"📊 PONTOS REGISTRADOS: 1000 pts","timestamp":"2025-11-05 18:46:10"}
{"level":"info","message":"💰 COMISSÕES | Venda: R$ 50.00 | Seguro: R$ 0.00","timestamp":"2025-11-05 18:46:10"}
{"level":"info","message":"✅ TRANSAÇÃO COMMITADA - Venda: 6dabe029-64ae-44ab-bd0d-050a8b0de351","timestamp":"2025-11-05 18:46:10"}
{"level":"info","message":"📝 [COMISSÃO] Iniciando para membro: 9836775c-a8ec-4078-920e-aa88c92dd809","timestamp":"2025-11-05 18:46:10"}
{"level":"info","message":"⚠️ [COMISSÃO] Membro SEM líder","timestamp":"2025-11-05 18:46:10"}
{"level":"info","message":"✅ Comissão de rede processada","timestamp":"2025-11-05 18:46:10"}
{"level":"info","message":"✅ Notificação criada para usuário 9836775c-a8ec-4078-920e-aa88c92dd809: 🎉 Nova Venda Registrada!","timestamp":"2025-11-05 18:46:10"}
{"level":"info","message":"🎉 VENDA CRIADA: aa9854e9-3283-46ca-88b9-674df962058c | aaaa | R$ 1000","timestamp":"2025-11-05 18:53:11"}
{"level":"info","message":"⭐ PONTOS ATUALIZADOS | Ganhos: 1000 | Total: 2000","timestamp":"2025-11-05 18:53:11"}
{"level":"info","message":"📊 PONTOS REGISTRADOS: 1000 pts","timestamp":"2025-11-05 18:53:11"}
{"level":"info","message":"💰 COMISSÕES | Venda: R$ 50.00 | Seguro: R$ 0.00","timestamp":"2025-11-05 18:53:11"}
{"level":"info","message":"✅ TRANSAÇÃO COMMITADA - Venda: aa9854e9-3283-46ca-88b9-674df962058c","timestamp":"2025-11-05 18:53:11"}
{"level":"info","message":"📝 [COMISSÃO] Iniciando para membro: 9836775c-a8ec-4078-920e-aa88c92dd809","timestamp":"2025-11-05 18:53:11"}
{"level":"info","message":"⚠️ [COMISSÃO] Membro SEM líder","timestamp":"2025-11-05 18:53:11"}
{"level":"info","message":"✅ Comissão de rede processada","timestamp":"2025-11-05 18:53:11"}
{"level":"info","message":"✅ Notificação criada para usuário 9836775c-a8ec-4078-920e-aa88c92dd809: 🎉 Nova Venda Registrada!","timestamp":"2025-11-05 18:53:11"}
{"level":"info","message":"✅ Notificação d29647e3-b06a-4efa-b2cf-97a79467232b deletada","timestamp":"2025-11-05 19:15:02"}
{"level":"info","message":"✅ Notificação 06d4ee35-2698-4610-91aa-1f379a88dde3 deletada","timestamp":"2025-11-05 19:15:02"}
{"level":"info","message":"📋 Buscando comissões para líder: 9836775c-a8ec-4078-920e-aa88c92dd809","timestamp":"2025-11-05 19:15:21"}
{"level":"info","message":"📋 Buscando comissões para: 9836775c-a8ec-4078-920e-aa88c92dd809","timestamp":"2025-11-05 19:15:21"}
{"level":"info","message":"✅ Encontradas 0 comissões","timestamp":"2025-11-05 19:15:21"}
{"level":"info","message":"📋 Buscando comissões para líder: 9836775c-a8ec-4078-920e-aa88c92dd809","timestamp":"2025-11-05 19:15:21"}
{"level":"info","message":"📋 Buscando comissões para: 9836775c-a8ec-4078-920e-aa88c92dd809","timestamp":"2025-11-05 19:15:21"}
{"level":"info","message":"✅ Encontradas 0 comissões","timestamp":"2025-11-05 19:15:21"}
{"level":"info","message":"📊 Buscando resumo para usuário: 9836775c-a8ec-4078-920e-aa88c92dd809","timestamp":"2025-11-05 19:15:21"}
{"level":"info","message":"📊 Buscando resumo para usuário: 9836775c-a8ec-4078-920e-aa88c92dd809","timestamp":"2025-11-05 19:15:21"}
{"level":"info","message":"🎉 VENDA CRIADA: fbe5696e-794d-4659-970a-027be3a27bd9 | dsadsad | R$ 1111.11","timestamp":"2025-11-05 19:15:52"}
{"level":"info","message":"⭐ PONTOS ATUALIZADOS | Ganhos: 1110 | Total: 2910","timestamp":"2025-11-05 19:15:52"}
{"level":"info","message":"📊 PONTOS REGISTRADOS: 1110 pts","timestamp":"2025-11-05 19:15:52"}
{"level":"info","message":"💰 COMISSÕES | Venda: R$ 55.56 | Seguro: R$ 0.00","timestamp":"2025-11-05 19:15:52"}
{"level":"info","message":"✅ TRANSAÇÃO COMMITADA - Venda: fbe5696e-794d-4659-970a-027be3a27bd9","timestamp":"2025-11-05 19:15:52"}
{"level":"info","message":"📝 [COMISSÃO] Iniciando para membro: 9836775c-a8ec-4078-920e-aa88c92dd809","timestamp":"2025-11-05 19:15:52"}
{"level":"info","message":"⚠️ [COMISSÃO] Membro SEM líder","timestamp":"2025-11-05 19:15:52"}
{"level":"info","message":"✅ Comissão de rede processada","timestamp":"2025-11-05 19:15:52"}
{"level":"info","message":"✅ Notificação criada para usuário 9836775c-a8ec-4078-920e-aa88c92dd809: 🎉 Nova Venda Registrada!","timestamp":"2025-11-05 19:15:52"}
{"level":"info","message":"✅ Notificação 538a73c2-0328-419c-8cc4-c9f562df3549 deletada","timestamp":"2025-11-05 19:47:59"}
{"level":"info","message":"🎉 VENDA CRIADA: 7de774c2-5857-4f8f-9241-184561d68761 | dsadsad | R$ 111.11","timestamp":"2025-11-05 19:48:07"}
{"level":"info","message":"⭐ PONTOS ATUALIZADOS | Ganhos: 11110 | Total: 14020","timestamp":"2025-11-05 19:48:07"}
{"level":"info","message":"📊 PONTOS REGISTRADOS: 11110 pts","timestamp":"2025-11-05 19:48:07"}
{"level":"info","message":"💰 COMISSÕES | Venda: R$ 5.56 | Seguro: R$ 0.00","timestamp":"2025-11-05 19:48:07"}
{"level":"info","message":"✅ TRANSAÇÃO COMMITADA - Venda: 7de774c2-5857-4f8f-9241-184561d68761","timestamp":"2025-11-05 19:48:07"}
{"level":"info","message":"📝 [COMISSÃO] Iniciando para membro: 9836775c-a8ec-4078-920e-aa88c92dd809","timestamp":"2025-11-05 19:48:07"}
{"level":"info","message":"⚠️ [COMISSÃO] Membro SEM líder","timestamp":"2025-11-05 19:48:07"}
{"level":"info","message":"✅ Comissão de rede processada","timestamp":"2025-11-05 19:48:07"}
{"level":"info","message":"✅ Notificação criada para usuário 9836775c-a8ec-4078-920e-aa88c92dd809: 🎉 Nova Venda Registrada!","timestamp":"2025-11-05 19:48:07"}
{"level":"info","message":"✅ Notificação criada para usuário 9836775c-a8ec-4078-920e-aa88c92dd809: 🏆 Meta Atingida - Cesta Básica!","timestamp":"2025-11-05 19:48:07"}
{"level":"info","message":"🎉 VENDA CRIADA: 277e98b5-4b03-4985-8dd7-e2f1effd9c21 | sadsad | R$ 11111.11","timestamp":"2025-11-05 20:11:24"}
{"level":"info","message":"⭐ PONTOS ATUALIZADOS | Ganhos: 11110 | Total: 23908","timestamp":"2025-11-05 20:11:24"}
{"level":"info","message":"📊 PONTOS REGISTRADOS: 11110 pts","timestamp":"2025-11-05 20:11:24"}
{"level":"info","message":"💰 COMISSÕES | Venda: R$ 555.56 | Seguro: R$ 0.00","timestamp":"2025-11-05 20:11:24"}
{"level":"info","message":"✅ TRANSAÇÃO COMMITADA - Venda: 277e98b5-4b03-4985-8dd7-e2f1effd9c21","timestamp":"2025-11-05 20:11:24"}
{"level":"info","message":"📝 [COMISSÃO] Iniciando para membro: 9836775c-a8ec-4078-920e-aa88c92dd809","timestamp":"2025-11-05 20:11:24"}
{"level":"info","message":"⚠️ [COMISSÃO] Membro SEM líder","timestamp":"2025-11-05 20:11:24"}
{"level":"info","message":"✅ Comissão de rede processada","timestamp":"2025-11-05 20:11:24"}
{"level":"info","message":"✅ Notificação criada para usuário 9836775c-a8ec-4078-920e-aa88c92dd809: 🎉 Nova Venda Registrada!","timestamp":"2025-11-05 20:11:24"}
{"level":"info","message":"✅ Notificação criada para usuário 9836775c-a8ec-4078-920e-aa88c92dd809: 🏆 Meta Atingida - Cesta Básica!","timestamp":"2025-11-05 20:11:24"}
{"level":"info","message":"🎉 VENDA CRIADA: a2f57ea8-8e27-4fc9-8216-6e50d2952a10 | nova | R$ 50000","timestamp":"2025-11-05 20:23:35"}
{"level":"info","message":"⭐ PONTOS ATUALIZADOS | Ganhos: 4000 | Total: 4000","timestamp":"2025-11-05 20:23:35"}
{"level":"info","message":"📊 PONTOS REGISTRADOS: 4000 pts","timestamp":"2025-11-05 20:23:35"}
{"level":"info","message":"💰 COMISSÕES | Venda: R$ 2500.00 | Seguro: R$ 0.00","timestamp":"2025-11-05 20:23:35"}
{"level":"info","message":"✅ TRANSAÇÃO COMMITADA - Venda: a2f57ea8-8e27-4fc9-8216-6e50d2952a10","timestamp":"2025-11-05 20:23:35"}
{"level":"info","message":"📝 [COMISSÃO] Iniciando para membro: 1b3cf5e5-c7ae-4c7f-9d7c-29c3842ebc27","timestamp":"2025-11-05 20:23:35"}
{"level":"info","message":"⚠️ [COMISSÃO] Líder tem taxa 0%","timestamp":"2025-11-05 20:23:35"}
{"level":"info","message":"✅ Comissão de rede processada","timestamp":"2025-11-05 20:23:35"}
{"level":"info","message":"✅ Notificação criada para usuário 1b3cf5e5-c7ae-4c7f-9d7c-29c3842ebc27: 🎉 Nova Venda Registrada!","timestamp":"2025-11-05 20:23:35"}
{"level":"info","message":"✅ Notificação criada para usuário 1b3cf5e5-c7ae-4c7f-9d7c-29c3842ebc27: 🏆 Meta Atingida - Cesta Básica!","timestamp":"2025-11-05 20:23:35"}
{"level":"info","message":"🎉 VENDA CRIADA: 179d266f-2987-429a-aa13-27ea2e2733eb | ola | R$ 10000","timestamp":"2025-11-05 20:39:10"}
{"level":"info","message":"⭐ PONTOS ATUALIZADOS | Ganhos: 1000 | Total: 1000","timestamp":"2025-11-05 20:39:10"}
{"level":"info","message":"📊 PONTOS REGISTRADOS: 1000 pts","timestamp":"2025-11-05 20:39:10"}
{"level":"info","message":"💰 COMISSÕES | Venda: R$ 500.00 | Seguro: R$ 0.00","timestamp":"2025-11-05 20:39:10"}
{"level":"info","message":"✅ TRANSAÇÃO COMMITADA - Venda: 179d266f-2987-429a-aa13-27ea2e2733eb","timestamp":"2025-11-05 20:39:10"}
{"level":"info","message":"📝 [COMISSÃO] Iniciando para membro: e71b399c-af8b-41fa-92e5-10935226ac03","timestamp":"2025-11-05 20:39:10"}
{"level":"info","message":"⚠️ [COMISSÃO] Membro SEM líder","timestamp":"2025-11-05 20:39:10"}
{"level":"info","message":"✅ Comissão de rede processada","timestamp":"2025-11-05 20:39:10"}
{"level":"info","message":"✅ Notificação criada para usuário e71b399c-af8b-41fa-92e5-10935226ac03: 🎉 Nova Venda Registrada!","timestamp":"2025-11-05 20:39:10"}
{"level":"info","message":"📋 Buscando comissões para líder: e71b399c-af8b-41fa-92e5-10935226ac03","timestamp":"2025-11-05 20:52:53"}
{"level":"info","message":"📋 Buscando comissões para: e71b399c-af8b-41fa-92e5-10935226ac03","timestamp":"2025-11-05 20:52:53"}
{"level":"info","message":"✅ Encontradas 0 comissões","timestamp":"2025-11-05 20:52:53"}
{"level":"info","message":"📋 Buscando comissões para líder: e71b399c-af8b-41fa-92e5-10935226ac03","timestamp":"2025-11-05 20:52:53"}
{"level":"info","message":"📋 Buscando comissões para: e71b399c-af8b-41fa-92e5-10935226ac03","timestamp":"2025-11-05 20:52:53"}
{"level":"info","message":"✅ Encontradas 0 comissões","timestamp":"2025-11-05 20:52:53"}
{"level":"info","message":"📊 Buscando resumo para usuário: e71b399c-af8b-41fa-92e5-10935226ac03","timestamp":"2025-11-05 20:52:53"}
{"level":"info","message":"📊 Buscando resumo para usuário: e71b399c-af8b-41fa-92e5-10935226ac03","timestamp":"2025-11-05 20:52:53"}
{"level":"info","message":"✅ Todas as notificações do usuário e71b399c-af8b-41fa-92e5-10935226ac03 marcadas como lidas","timestamp":"2025-11-05 21:08:09"}
{"level":"info","message":"✅ Notificação 05e42056-a689-48a5-b039-65fe63261d20 deletada","timestamp":"2025-11-05 21:08:10"}
{"level":"error","message":"❌ Erro ao contar notificações não lidas: relation \"notifications\" does not exist","timestamp":"2025-11-05 21:33:41"}
{"level":"error","message":"❌ Erro ao listar notificações: relation \"notifications\" does not exist","timestamp":"2025-11-05 21:33:41"}
{"level":"error","message":"❌ Erro ao contar notificações não lidas: relation \"notifications\" does not exist","timestamp":"2025-11-05 21:34:11"}
{"level":"error","message":"❌ Erro ao listar notificações: relation \"notifications\" does not exist","timestamp":"2025-11-05 21:34:11"}
{"level":"error","message":"❌ Erro ao contar notificações não lidas: relation \"notifications\" does not exist","timestamp":"2025-11-05 21:34:41"}
{"level":"error","message":"❌ Erro ao listar notificações: relation \"notifications\" does not exist","timestamp":"2025-11-05 21:34:41"}
{"level":"error","message":"❌ Erro ao contar notificações não lidas: relation \"notifications\" does not exist","timestamp":"2025-11-05 21:36:33"}
{"level":"error","message":"❌ Erro ao listar notificações: relation \"notifications\" does not exist","timestamp":"2025-11-05 21:36:33"}
{"level":"error","message":"❌ Erro ao listar notificações: relation \"notifications\" does not exist","timestamp":"2025-11-05 21:37:33"}
{"level":"error","message":"❌ Erro ao contar notificações não lidas: relation \"notifications\" does not exist","timestamp":"2025-11-05 21:37:33"}
{"level":"error","message":"❌ Erro ao listar notificações: relation \"notifications\" does not exist","timestamp":"2025-11-05 21:38:33"}
{"level":"error","message":"❌ Erro ao contar notificações não lidas: relation \"notifications\" does not exist","timestamp":"2025-11-05 21:38:33"}
{"level":"error","message":"❌ Erro ao contar notificações não lidas: relation \"notifications\" does not exist","timestamp":"2025-11-05 21:39:33"}
{"level":"error","message":"❌ Erro ao listar notificações: relation \"notifications\" does not exist","timestamp":"2025-11-05 21:39:33"}
{"level":"error","message":"❌ Erro ao contar notificações não lidas: relation \"notifications\" does not exist","timestamp":"2025-11-05 21:40:33"}
{"level":"error","message":"❌ Erro ao listar notificações: relation \"notifications\" does not exist","timestamp":"2025-11-05 21:40:33"}
{"level":"error","message":"❌ Erro ao contar notificações não lidas: relation \"notifications\" does not exist","timestamp":"2025-11-05 21:41:33"}
{"level":"error","message":"❌ Erro ao listar notificações: relation \"notifications\" does not exist","timestamp":"2025-11-05 21:41:33"}
{"level":"error","message":"❌ Erro ao contar notificações não lidas: relation \"notifications\" does not exist","timestamp":"2025-11-05 21:42:33"}
{"level":"error","message":"❌ Erro ao listar notificações: relation \"notifications\" does not exist","timestamp":"2025-11-05 21:42:33"}
{"level":"error","message":"❌ Erro ao contar notificações não lidas: relation \"notifications\" does not exist","timestamp":"2025-11-05 21:43:33"}
{"level":"error","message":"❌ Erro ao listar notificações: relation \"notifications\" does not exist","timestamp":"2025-11-05 21:43:33"}
{"level":"error","message":"❌ Erro ao contar notificações não lidas: relation \"notifications\" does not exist","timestamp":"2025-11-05 21:44:12"}
{"level":"error","message":"❌ Erro ao listar notificações: relation \"notifications\" does not exist","timestamp":"2025-11-05 21:44:12"}
{"level":"error","message":"❌ Erro ao contar notificações não lidas: relation \"notifications\" does not exist","timestamp":"2025-11-05 21:44:41"}
{"level":"error","message":"❌ Erro ao listar notificações: relation \"notifications\" does not exist","timestamp":"2025-11-05 21:44:41"}
{"level":"error","message":"❌ Erro ao contar notificações não lidas: relation \"notifications\" does not exist","timestamp":"2025-11-05 21:45:11"}
{"level":"error","message":"❌ Erro ao listar notificações: relation \"notifications\" does not exist","timestamp":"2025-11-05 21:45:11"}
{"level":"error","message":"❌ Erro ao contar notificações não lidas: relation \"notifications\" does not exist","timestamp":"2025-11-05 21:46:33"}
{"level":"error","message":"❌ Erro ao listar notificações: relation \"notifications\" does not exist","timestamp":"2025-11-05 21:46:33"}
{"level":"error","message":"❌ Erro ao listar notificações: relation \"notifications\" does not exist","timestamp":"2025-11-05 21:47:33"}
{"level":"error","message":"❌ Erro ao contar notificações não lidas: relation \"notifications\" does not exist","timestamp":"2025-11-05 21:47:33"}
{"level":"error","message":"❌ Erro ao contar notificações não lidas: relation \"notifications\" does not exist","timestamp":"2025-11-05 21:48:33"}
{"level":"error","message":"❌ Erro ao listar notificações: relation \"notifications\" does not exist","timestamp":"2025-11-05 21:48:33"}
{"level":"error","message":"❌ Erro ao contar notificações não lidas: relation \"notifications\" does not exist","timestamp":"2025-11-05 21:49:33"}
{"level":"error","message":"❌ Erro ao listar notificações: relation \"notifications\" does not exist","timestamp":"2025-11-05 21:49:33"}
{"level":"error","message":"❌ Erro ao contar notificações não lidas: relation \"notifications\" does not exist","timestamp":"2025-11-05 21:50:33"}
{"level":"error","message":"❌ Erro ao listar notificações: relation \"notifications\" does not exist","timestamp":"2025-11-05 21:50:33"}
{"level":"error","message":"❌ Erro ao listar notificações: relation \"notifications\" does not exist","timestamp":"2025-11-05 21:51:33"}
{"level":"error","message":"❌ Erro ao contar notificações não lidas: relation \"notifications\" does not exist","timestamp":"2025-11-05 21:51:33"}
{"level":"error","message":"❌ Erro ao contar notificações não lidas: relation \"notifications\" does not exist","timestamp":"2025-11-05 21:52:33"}
{"level":"error","message":"❌ Erro ao listar notificações: relation \"notifications\" does not exist","timestamp":"2025-11-05 21:52:33"}
{"level":"error","message":"❌ Erro ao contar notificações não lidas: relation \"notifications\" does not exist","timestamp":"2025-11-05 21:53:33"}
{"level":"error","message":"❌ Erro ao listar notificações: relation \"notifications\" does not exist","timestamp":"2025-11-05 21:53:33"}
{"level":"error","message":"❌ Erro ao contar notificações não lidas: relation \"notifications\" does not exist","timestamp":"2025-11-05 21:54:33"}
{"level":"error","message":"❌ Erro ao listar notificações: relation \"notifications\" does not exist","timestamp":"2025-11-05 21:54:33"}
{"level":"error","message":"❌ Erro ao contar notificações não lidas: relation \"notifications\" does not exist","timestamp":"2025-11-05 21:55:33"}
{"level":"error","message":"❌ Erro ao listar notificações: relation \"notifications\" does not exist","timestamp":"2025-11-05 21:55:33"}
{"level":"error","message":"❌ Erro ao contar notificações não lidas: relation \"notifications\" does not exist","timestamp":"2025-11-05 21:56:33"}
{"level":"error","message":"❌ Erro ao listar notificações: relation \"notifications\" does not exist","timestamp":"2025-11-05 21:56:33"}
{"level":"error","message":"❌ Erro ao listar notificações: relation \"notifications\" does not exist","timestamp":"2025-11-05 21:57:33"}
{"level":"error","message":"❌ Erro ao contar notificações não lidas: relation \"notifications\" does not exist","timestamp":"2025-11-05 21:57:33"}
{"level":"error","message":"❌ Erro ao contar notificações não lidas: relation \"notifications\" does not exist","timestamp":"2025-11-05 21:58:33"}
{"level":"error","message":"❌ Erro ao listar notificações: relation \"notifications\" does not exist","timestamp":"2025-11-05 21:58:33"}
{"level":"error","message":"❌ Erro ao contar notificações não lidas: relation \"notifications\" does not exist","timestamp":"2025-11-05 21:59:33"}
{"level":"error","message":"❌ Erro ao listar notificações: relation \"notifications\" does not exist","timestamp":"2025-11-05 21:59:33"}
{"level":"error","message":"❌ Erro ao listar notificações: relation \"notifications\" does not exist","timestamp":"2025-11-05 22:00:33"}
{"level":"error","message":"❌ Erro ao contar notificações não lidas: relation \"notifications\" does not exist","timestamp":"2025-11-05 22:00:33"}
{"level":"error","message":"❌ Erro ao contar notificações não lidas: relation \"notifications\" does not exist","timestamp":"2025-11-05 22:01:33"}
{"level":"error","message":"❌ Erro ao listar notificações: relation \"notifications\" does not exist","timestamp":"2025-11-05 22:01:33"}
{"level":"error","message":"❌ Erro ao contar notificações não lidas: relation \"notifications\" does not exist","timestamp":"2025-11-05 22:02:33"}
{"level":"error","message":"❌ Erro ao listar notificações: relation \"notifications\" does not exist","timestamp":"2025-11-05 22:02:33"}
{"level":"error","message":"❌ Erro ao contar notificações não lidas: relation \"notifications\" does not exist","timestamp":"2025-11-05 22:03:33"}
{"level":"error","message":"❌ Erro ao listar notificações: relation \"notifications\" does not exist","timestamp":"2025-11-05 22:03:33"}
{"level":"error","message":"❌ Erro ao listar notificações: relation \"notifications\" does not exist","timestamp":"2025-11-05 22:04:33"}
{"level":"error","message":"❌ Erro ao contar notificações não lidas: relation \"notifications\" does not exist","timestamp":"2025-11-05 22:04:33"}
{"level":"error","message":"❌ Erro ao contar notificações não lidas: relation \"notifications\" does not exist","timestamp":"2025-11-05 22:05:23"}
{"level":"error","message":"❌ Erro ao listar notificações: relation \"notifications\" does not exist","timestamp":"2025-11-05 22:05:23"}
{"level":"error","message":"❌ Erro ao listar notificações: relation \"notifications\" does not exist","timestamp":"2025-11-05 22:05:25"}
{"level":"error","message":"❌ Erro ao contar notificações não lidas: relation \"notifications\" does not exist","timestamp":"2025-11-05 22:05:25"}
{"level":"error","message":"❌ Erro ao listar notificações: relation \"notifications\" does not exist","timestamp":"2025-11-05 22:05:25"}
{"level":"error","message":"❌ Erro ao contar notificações não lidas: relation \"notifications\" does not exist","timestamp":"2025-11-05 22:05:25"}
{"level":"error","message":"❌ Erro ao contar notificações não lidas: relation \"notifications\" does not exist","timestamp":"2025-11-05 22:05:32"}
{"level":"error","message":"❌ Erro ao listar notificações: relation \"notifications\" does not exist","timestamp":"2025-11-05 22:05:32"}
{"level":"error","message":"❌ Erro ao contar notificações não lidas: relation \"notifications\" does not exist","timestamp":"2025-11-05 22:05:32"}
{"level":"error","message":"❌ Erro ao listar notificações: relation \"notifications\" does not exist","timestamp":"2025-11-05 22:05:32"}
{"level":"error","message":"❌ Erro ao contar notificações não lidas: relation \"notifications\" does not exist","timestamp":"2025-11-05 22:06:02"}
{"level":"error","message":"❌ Erro ao listar notificações: relation \"notifications\" does not exist","timestamp":"2025-11-05 22:06:02"}
{"level":"error","message":"❌ Erro ao contar notificações não lidas: relation \"notifications\" does not exist","timestamp":"2025-11-05 22:06:32"}
{"level":"error","message":"❌ Erro ao listar notificações: relation \"notifications\" does not exist","timestamp":"2025-11-05 22:06:32"}
{"level":"error","message":"❌ Erro ao contar notificações não lidas: relation \"notifications\" does not exist","timestamp":"2025-11-05 22:07:02"}
{"level":"error","message":"❌ Erro ao listar notificações: relation \"notifications\" does not exist","timestamp":"2025-11-05 22:07:02"}
{"level":"error","message":"❌ Erro ao contar notificações não lidas: relation \"notifications\" does not exist","timestamp":"2025-11-05 22:07:32"}
{"level":"error","message":"❌ Erro ao listar notificações: relation \"notifications\" does not exist","timestamp":"2025-11-05 22:07:32"}
{"level":"error","message":"❌ Erro ao contar notificações não lidas: relation \"notifications\" does not exist","timestamp":"2025-11-05 22:08:02"}
{"level":"error","message":"❌ Erro ao listar notificações: relation \"notifications\" does not exist","timestamp":"2025-11-05 22:08:02"}
{"level":"error","message":"❌ Erro ao contar notificações não lidas: relation \"notifications\" does not exist","timestamp":"2025-11-05 22:08:32"}
{"level":"error","message":"❌ Erro ao listar notificações: relation \"notifications\" does not exist","timestamp":"2025-11-05 22:08:32"}
{"level":"error","message":"❌ Erro ao contar notificações não lidas: relation \"notifications\" does not exist","timestamp":"2025-11-05 22:09:02"}
{"level":"error","message":"❌ Erro ao listar notificações: relation \"notifications\" does not exist","timestamp":"2025-11-05 22:09:02"}
{"level":"error","message":"❌ Erro ao contar notificações não lidas: relation \"notifications\" does not exist","timestamp":"2025-11-05 22:09:33"}
{"level":"error","message":"❌ Erro ao listar notificações: relation \"notifications\" does not exist","timestamp":"2025-11-05 22:09:33"}
{"level":"error","message":"❌ Erro ao contar notificações não lidas: relation \"notifications\" does not exist","timestamp":"2025-11-05 22:10:33"}
{"level":"error","message":"❌ Erro ao listar notificações: relation \"notifications\" does not exist","timestamp":"2025-11-05 22:10:33"}
{"level":"error","message":"❌ Erro ao contar notificações não lidas: relation \"notifications\" does not exist","timestamp":"2025-11-05 22:11:33"}
{"level":"error","message":"❌ Erro ao listar notificações: relation \"notifications\" does not exist","timestamp":"2025-11-05 22:11:33"}
{"level":"error","message":"❌ Erro ao listar notificações: relation \"notifications\" does not exist","timestamp":"2025-11-05 22:12:33"}
{"level":"error","message":"❌ Erro ao contar notificações não lidas: relation \"notifications\" does not exist","timestamp":"2025-11-05 22:12:33"}
{"level":"error","message":"❌ Erro ao contar notificações não lidas: relation \"notifications\" does not exist","timestamp":"2025-11-05 22:13:33"}
{"level":"error","message":"❌ Erro ao listar notificações: relation \"notifications\" does not exist","timestamp":"2025-11-05 22:13:33"}
{"level":"error","message":"❌ Erro ao contar notificações não lidas: relation \"notifications\" does not exist","timestamp":"2025-11-05 22:14:33"}
{"level":"error","message":"❌ Erro ao listar notificações: relation \"notifications\" does not exist","timestamp":"2025-11-05 22:14:33"}
{"level":"error","message":"❌ Erro ao contar notificações não lidas: relation \"notifications\" does not exist","timestamp":"2025-11-05 22:15:33"}
{"level":"error","message":"❌ Erro ao listar notificações: relation \"notifications\" does not exist","timestamp":"2025-11-05 22:15:33"}
{"level":"error","message":"❌ Erro ao contar notificações não lidas: relation \"notifications\" does not exist","timestamp":"2025-11-05 22:16:33"}
{"level":"error","message":"❌ Erro ao listar notificações: relation \"notifications\" does not exist","timestamp":"2025-11-05 22:16:33"}
{"level":"error","message":"❌ Erro ao contar notificações não lidas: relation \"notifications\" does not exist","timestamp":"2025-11-05 22:17:33"}
{"level":"error","message":"❌ Erro ao listar notificações: relation \"notifications\" does not exist","timestamp":"2025-11-05 22:17:33"}
{"level":"error","message":"❌ Erro ao listar notificações: relation \"notifications\" does not exist","timestamp":"2025-11-05 22:18:33"}
{"level":"error","message":"❌ Erro ao contar notificações não lidas: relation \"notifications\" does not exist","timestamp":"2025-11-05 22:18:33"}
{"level":"error","message":"❌ Erro ao contar notificações não lidas: relation \"notifications\" does not exist","timestamp":"2025-11-05 22:19:33"}
{"level":"error","message":"❌ Erro ao listar notificações: relation \"notifications\" does not exist","timestamp":"2025-11-05 22:19:33"}
{"level":"error","message":"❌ Erro ao contar notificações não lidas: relation \"notifications\" does not exist","timestamp":"2025-11-05 22:20:33"}
{"level":"error","message":"❌ Erro ao listar notificações: relation \"notifications\" does not exist","timestamp":"2025-11-05 22:20:33"}
{"level":"error","message":"❌ Erro ao contar notificações não lidas: relation \"notifications\" does not exist","timestamp":"2025-11-05 22:21:33"}
{"level":"error","message":"❌ Erro ao listar notificações: relation \"notifications\" does not exist","timestamp":"2025-11-05 22:21:33"}
{"level":"error","message":"❌ Erro ao contar notificações não lidas: relation \"notifications\" does not exist","timestamp":"2025-11-05 22:22:33"}
{"level":"error","message":"❌ Erro ao listar notificações: relation \"notifications\" does not exist","timestamp":"2025-11-05 22:22:33"}
{"level":"error","message":"❌ Erro ao contar notificações não lidas: relation \"notifications\" does not exist","timestamp":"2025-11-05 22:23:33"}
{"level":"error","message":"❌ Erro ao listar notificações: relation \"notifications\" does not exist","timestamp":"2025-11-05 22:23:33"}
{"level":"error","message":"❌ Erro ao contar notificações não lidas: relation \"notifications\" does not exist","timestamp":"2025-11-05 22:24:33"}
{"level":"error","message":"❌ Erro ao listar notificações: relation \"notifications\" does not exist","timestamp":"2025-11-05 22:24:33"}
{"level":"error","message":"❌ Erro ao contar notificações não lidas: relation \"notifications\" does not exist","timestamp":"2025-11-05 22:25:33"}
{"level":"error","message":"❌ Erro ao listar notificações: relation \"notifications\" does not exist","timestamp":"2025-11-05 22:25:33"}
{"level":"error","message":"❌ Erro ao contar notificações não lidas: relation \"notifications\" does not exist","timestamp":"2025-11-05 22:26:33"}
{"level":"error","message":"❌ Erro ao listar notificações: relation \"notifications\" does not exist","timestamp":"2025-11-05 22:26:33"}
{"level":"error","message":"❌ Erro ao contar notificações não lidas: relation \"notifications\" does not exist","timestamp":"2025-11-05 22:27:33"}
{"level":"error","message":"❌ Erro ao listar notificações: relation \"notifications\" does not exist","timestamp":"2025-11-05 22:27:33"}
{"level":"error","message":"❌ Erro ao contar notificações não lidas: relation \"notifications\" does not exist","timestamp":"2025-11-05 22:28:33"}
{"level":"error","message":"❌ Erro ao listar notificações: relation \"notifications\" does not exist","timestamp":"2025-11-05 22:28:33"}
{"level":"error","message":"❌ Erro ao contar notificações não lidas: relation \"notifications\" does not exist","timestamp":"2025-11-05 22:29:33"}
{"level":"error","message":"❌ Erro ao listar notificações: relation \"notifications\" does not exist","timestamp":"2025-11-05 22:29:33"}
{"level":"error","message":"❌ Erro ao contar notificações não lidas: relation \"notifications\" does not exist","timestamp":"2025-11-05 22:30:33"}
{"level":"error","message":"❌ Erro ao listar notificações: relation \"notifications\" does not exist","timestamp":"2025-11-05 22:30:33"}
{"level":"error","message":"❌ Erro ao listar notificações: relation \"notifications\" does not exist","timestamp":"2025-11-05 22:31:33"}
{"level":"error","message":"❌ Erro ao contar notificações não lidas: relation \"notifications\" does not exist","timestamp":"2025-11-05 22:31:33"}
{"level":"error","message":"❌ Erro ao contar notificações não lidas: relation \"notifications\" does not exist","timestamp":"2025-11-05 22:32:23"}
{"level":"error","message":"❌ Erro ao listar notificações: relation \"notifications\" does not exist","timestamp":"2025-11-05 22:32:23"}
{"level":"error","message":"❌ Erro ao listar notificações: relation \"notifications\" does not exist","timestamp":"2025-11-06 00:42:08"}
{"level":"error","message":"❌ Erro ao contar notificações não lidas: relation \"notifications\" does not exist","timestamp":"2025-11-06 00:42:08"}
{"level":"error","message":"❌ Erro ao listar notificações: relation \"notifications\" does not exist","timestamp":"2025-11-06 00:42:08"}
{"level":"error","message":"❌ Erro ao contar notificações não lidas: relation \"notifications\" does not exist","timestamp":"2025-11-06 00:42:08"}
{"level":"info","message":"📋 Buscando comissões para líder: e71b399c-af8b-41fa-92e5-10935226ac03","timestamp":"2025-11-06 00:42:12"}
{"level":"info","message":"📋 Buscando comissões para: e71b399c-af8b-41fa-92e5-10935226ac03","timestamp":"2025-11-06 00:42:12"}
{"0":"r","1":"e","10":"u","11":"s","12":"e","13":"r","14":"_","15":"h","16":"i","17":"e","18":"r","19":"a","2":"l","20":"r","21":"c","22":"h","23":"y","24":"\"","25":" ","26":"d","27":"o","28":"e","29":"s","3":"a","30":" ","31":"n","32":"o","33":"t","34":" ","35":"e","36":"x","37":"i","38":"s","39":"t","4":"t","5":"i","6":"o","7":"n","8":" ","9":"\"","level":"error","message":"Erro ao buscar estatísticas:","timestamp":"2025-11-06 00:42:12"}
{"0":"r","1":"e","10":"u","11":"s","12":"e","13":"r","14":"_","15":"h","16":"i","17":"e","18":"r","19":"a","2":"l","20":"r","21":"c","22":"h","23":"y","24":"\"","25":" ","26":"d","27":"o","28":"e","29":"s","3":"a","30":" ","31":"n","32":"o","33":"t","34":" ","35":"e","36":"x","37":"i","38":"s","39":"t","4":"t","5":"i","6":"o","7":"n","8":" ","9":"\"","level":"error","message":"Erro ao buscar membros:","timestamp":"2025-11-06 00:42:12"}
{"level":"error","message":"❌ Erro ao buscar: relation \"network_commissions\" does not exist","timestamp":"2025-11-06 00:42:12"}
{"level":"info","message":"📋 Buscando comissões para líder: e71b399c-af8b-41fa-92e5-10935226ac03","timestamp":"2025-11-06 00:42:12"}
{"level":"info","message":"📋 Buscando comissões para: e71b399c-af8b-41fa-92e5-10935226ac03","timestamp":"2025-11-06 00:42:12"}
{"level":"info","message":"📊 Buscando resumo para usuário: e71b399c-af8b-41fa-92e5-10935226ac03","timestamp":"2025-11-06 00:42:12"}
{"0":"r","1":"e","10":"u","11":"s","12":"e","13":"r","14":"_","15":"h","16":"i","17":"e","18":"r","19":"a","2":"l","20":"r","21":"c","22":"h","23":"y","24":"\"","25":" ","26":"d","27":"o","28":"e","29":"s","3":"a","30":" ","31":"n","32":"o","33":"t","34":" ","35":"e","36":"x","37":"i","38":"s","39":"t","4":"t","5":"i","6":"o","7":"n","8":" ","9":"\"","level":"error","message":"Erro ao buscar estatísticas:","timestamp":"2025-11-06 00:42:12"}
{"level":"error","message":"❌ Erro ao buscar: relation \"network_commissions\" does not exist","timestamp":"2025-11-06 00:42:12"}
{"0":"r","1":"e","10":"u","11":"s","12":"e","13":"r","14":"_","15":"h","16":"i","17":"e","18":"r","19":"a","2":"l","20":"r","21":"c","22":"h","23":"y","24":"\"","25":" ","26":"d","27":"o","28":"e","29":"s","3":"a","30":" ","31":"n","32":"o","33":"t","34":" ","35":"e","36":"x","37":"i","38":"s","39":"t","4":"t","5":"i","6":"o","7":"n","8":" ","9":"\"","level":"error","message":"Erro ao buscar membros:","timestamp":"2025-11-06 00:42:12"}
{"level":"error","message":"❌ Erro ao buscar resumo: relation \"network_commissions\" does not exist","timestamp":"2025-11-06 00:42:12"}
{"level":"info","message":"📊 Buscando resumo para usuário: e71b399c-af8b-41fa-92e5-10935226ac03","timestamp":"2025-11-06 00:42:12"}
{"level":"error","message":"❌ Erro ao buscar resumo: relation \"network_commissions\" does not exist","timestamp":"2025-11-06 00:42:12"}
{"level":"error","message":"❌ Erro ao contar notificações não lidas: relation \"notifications\" does not exist","timestamp":"2025-11-06 00:42:39"}
{"level":"error","message":"❌ Erro ao listar notificações: relation \"notifications\" does not exist","timestamp":"2025-11-06 00:42:39"}
{"level":"error","message":"❌ Erro ao contar notificações não lidas: relation \"notifications\" does not exist","timestamp":"2025-11-06 00:43:09"}
{"level":"error","message":"❌ Erro ao listar notificações: relation \"notifications\" does not exist","timestamp":"2025-11-06 00:43:09"}
{"level":"error","message":"❌ Erro ao contar notificações não lidas: relation \"notifications\" does not exist","timestamp":"2025-11-06 00:43:39"}
{"level":"error","message":"❌ Erro ao listar notificações: relation \"notifications\" does not exist","timestamp":"2025-11-06 00:43:39"}
{"level":"error","message":"❌ Erro ao contar notificações não lidas: relation \"notifications\" does not exist","timestamp":"2025-11-06 00:44:09"}
{"level":"error","message":"❌ Erro ao listar notificações: relation \"notifications\" does not exist","timestamp":"2025-11-06 00:44:09"}
{"level":"error","message":"❌ Erro ao contar notificações não lidas: relation \"notifications\" does not exist","timestamp":"2025-11-06 00:44:39"}
{"level":"error","message":"❌ Erro ao listar notificações: relation \"notifications\" does not exist","timestamp":"2025-11-06 00:44:39"}
{"level":"error","message":"❌ Erro ao contar notificações não lidas: relation \"notifications\" does not exist","timestamp":"2025-11-06 00:45:09"}
{"level":"error","message":"❌ Erro ao listar notificações: relation \"notifications\" does not exist","timestamp":"2025-11-06 00:45:09"}
{"level":"error","message":"❌ Erro ao contar notificações não lidas: relation \"notifications\" does not exist","timestamp":"2025-11-06 00:45:39"}
{"level":"error","message":"❌ Erro ao listar notificações: relation \"notifications\" does not exist","timestamp":"2025-11-06 00:45:39"}
{"level":"error","message":"❌ Erro ao contar notificações não lidas: relation \"notifications\" does not exist","timestamp":"2025-11-06 00:46:28"}
{"level":"error","message":"❌ Erro ao listar notificações: relation \"notifications\" does not exist","timestamp":"2025-11-06 00:46:28"}
{"level":"error","message":"❌ Erro ao contar notificações não lidas: relation \"notifications\" does not exist","timestamp":"2025-11-06 00:47:28"}
{"level":"error","message":"❌ Erro ao listar notificações: relation \"notifications\" does not exist","timestamp":"2025-11-06 00:47:28"}
{"level":"error","message":"❌ Erro ao contar notificações não lidas: relation \"notifications\" does not exist","timestamp":"2025-11-06 00:48:28"}
{"level":"error","message":"❌ Erro ao listar notificações: relation \"notifications\" does not exist","timestamp":"2025-11-06 00:48:28"}
{"level":"error","message":"❌ Erro ao listar notificações: relation \"notifications\" does not exist","timestamp":"2025-11-06 00:49:28"}
{"level":"error","message":"❌ Erro ao contar notificações não lidas: relation \"notifications\" does not exist","timestamp":"2025-11-06 00:49:28"}
{"level":"error","message":"❌ Erro ao contar notificações não lidas: relation \"notifications\" does not exist","timestamp":"2025-11-06 00:50:28"}
{"level":"error","message":"❌ Erro ao listar notificações: relation \"notifications\" does not exist","timestamp":"2025-11-06 00:50:28"}
{"level":"error","message":"❌ Erro ao contar notificações não lidas: relation \"notifications\" does not exist","timestamp":"2025-11-06 00:51:28"}
{"level":"error","message":"❌ Erro ao listar notificações: relation \"notifications\" does not exist","timestamp":"2025-11-06 00:51:28"}
{"level":"error","message":"❌ Erro ao contar notificações não lidas: relation \"notifications\" does not exist","timestamp":"2025-11-06 00:52:28"}
{"level":"error","message":"❌ Erro ao listar notificações: relation \"notifications\" does not exist","timestamp":"2025-11-06 00:52:28"}
{"level":"error","message":"❌ Erro ao contar notificações não lidas: relation \"notifications\" does not exist","timestamp":"2025-11-06 00:53:28"}
{"level":"error","message":"❌ Erro ao listar notificações: relation \"notifications\" does not exist","timestamp":"2025-11-06 00:53:28"}
{"level":"error","message":"❌ Erro ao listar notificações: relation \"notifications\" does not exist","timestamp":"2025-11-06 00:54:28"}
{"level":"error","message":"❌ Erro ao contar notificações não lidas: relation \"notifications\" does not exist","timestamp":"2025-11-06 00:54:28"}
{"level":"error","message":"❌ Erro ao contar notificações não lidas: relation \"notifications\" does not exist","timestamp":"2025-11-06 00:55:28"}
{"level":"error","message":"❌ Erro ao listar notificações: relation \"notifications\" does not exist","timestamp":"2025-11-06 00:55:28"}
{"level":"error","message":"❌ Erro ao contar notificações não lidas: relation \"notifications\" does not exist","timestamp":"2025-11-06 00:56:28"}
{"level":"error","message":"❌ Erro ao listar notificações: relation \"notifications\" does not exist","timestamp":"2025-11-06 00:56:28"}
{"level":"error","message":"❌ Erro ao contar notificações não lidas: relation \"notifications\" does not exist","timestamp":"2025-11-06 00:57:28"}
{"level":"error","message":"❌ Erro ao listar notificações: relation \"notifications\" does not exist","timestamp":"2025-11-06 00:57:28"}
{"level":"error","message":"❌ Erro ao contar notificações não lidas: relation \"notifications\" does not exist","timestamp":"2025-11-06 00:58:28"}
{"level":"error","message":"❌ Erro ao listar notificações: relation \"notifications\" does not exist","timestamp":"2025-11-06 00:58:28"}
{"level":"error","message":"❌ Erro ao contar notificações não lidas: relation \"notifications\" does not exist","timestamp":"2025-11-06 00:59:28"}
{"level":"error","message":"❌ Erro ao listar notificações: relation \"notifications\" does not exist","timestamp":"2025-11-06 00:59:28"}
{"level":"error","message":"❌ Erro ao contar notificações não lidas: relation \"notifications\" does not exist","timestamp":"2025-11-06 01:00:28"}
{"level":"error","message":"❌ Erro ao listar notificações: relation \"notifications\" does not exist","timestamp":"2025-11-06 01:00:28"}
{"level":"error","message":"❌ Erro ao contar notificações não lidas: relation \"notifications\" does not exist","timestamp":"2025-11-06 01:01:28"}
{"level":"error","message":"❌ Erro ao listar notificações: relation \"notifications\" does not exist","timestamp":"2025-11-06 01:01:28"}
{"level":"error","message":"❌ Erro ao contar notificações não lidas: relation \"notifications\" does not exist","timestamp":"2025-11-06 01:02:28"}
{"level":"error","message":"❌ Erro ao listar notificações: relation \"notifications\" does not exist","timestamp":"2025-11-06 01:02:28"}
{"level":"error","message":"❌ Erro ao contar notificações não lidas: relation \"notifications\" does not exist","timestamp":"2025-11-06 01:03:28"}
{"level":"error","message":"❌ Erro ao listar notificações: relation \"notifications\" does not exist","timestamp":"2025-11-06 01:03:28"}
{"level":"error","message":"❌ Erro ao contar notificações não lidas: relation \"notifications\" does not exist","timestamp":"2025-11-06 01:04:28"}
{"level":"error","message":"❌ Erro ao listar notificações: relation \"notifications\" does not exist","timestamp":"2025-11-06 01:04:28"}
{"level":"error","message":"❌ Erro ao contar notificações não lidas: relation \"notifications\" does not exist","timestamp":"2025-11-06 01:05:28"}
{"level":"error","message":"❌ Erro ao listar notificações: relation \"notifications\" does not exist","timestamp":"2025-11-06 01:05:28"}
{"level":"error","message":"❌ Erro ao contar notificações não lidas: relation \"notifications\" does not exist","timestamp":"2025-11-06 01:06:28"}
{"level":"error","message":"❌ Erro ao listar notificações: relation \"notifications\" does not exist","timestamp":"2025-11-06 01:06:28"}
{"level":"error","message":"❌ Erro ao contar notificações não lidas: relation \"notifications\" does not exist","timestamp":"2025-11-06 01:07:28"}
{"level":"error","message":"❌ Erro ao listar notificações: relation \"notifications\" does not exist","timestamp":"2025-11-06 01:07:28"}
{"level":"error","message":"❌ Erro ao contar notificações não lidas: relation \"notifications\" does not exist","timestamp":"2025-11-06 01:08:28"}
{"level":"error","message":"❌ Erro ao listar notificações: relation \"notifications\" does not exist","timestamp":"2025-11-06 01:08:28"}
{"level":"error","message":"❌ Erro ao contar notificações não lidas: relation \"notifications\" does not exist","timestamp":"2025-11-06 01:09:28"}
{"level":"error","message":"❌ Erro ao listar notificações: relation \"notifications\" does not exist","timestamp":"2025-11-06 01:09:28"}
{"level":"error","message":"❌ Erro ao contar notificações não lidas: relation \"notifications\" does not exist","timestamp":"2025-11-06 01:10:28"}
{"level":"error","message":"❌ Erro ao listar notificações: relation \"notifications\" does not exist","timestamp":"2025-11-06 01:10:28"}
{"level":"error","message":"❌ Erro ao contar notificações não lidas: relation \"notifications\" does not exist","timestamp":"2025-11-06 01:11:28"}
{"level":"error","message":"❌ Erro ao listar notificações: relation \"notifications\" does not exist","timestamp":"2025-11-06 01:11:28"}
{"level":"error","message":"❌ Erro ao listar notificações: relation \"notifications\" does not exist","timestamp":"2025-11-06 01:12:28"}
{"level":"error","message":"❌ Erro ao contar notificações não lidas: relation \"notifications\" does not exist","timestamp":"2025-11-06 01:12:28"}
{"level":"error","message":"❌ Erro ao listar notificações: relation \"notifications\" does not exist","timestamp":"2025-11-06 01:13:28"}
{"level":"error","message":"❌ Erro ao contar notificações não lidas: relation \"notifications\" does not exist","timestamp":"2025-11-06 01:13:28"}
{"level":"error","message":"❌ Erro ao contar notificações não lidas: relation \"notifications\" does not exist","timestamp":"2025-11-06 01:14:28"}
{"level":"error","message":"❌ Erro ao listar notificações: relation \"notifications\" does not exist","timestamp":"2025-11-06 01:14:28"}
{"level":"error","message":"❌ Erro ao contar notificações não lidas: relation \"notifications\" does not exist","timestamp":"2025-11-06 01:15:28"}
{"level":"error","message":"❌ Erro ao listar notificações: relation \"notifications\" does not exist","timestamp":"2025-11-06 01:15:28"}
{"level":"error","message":"❌ Erro ao contar notificações não lidas: relation \"notifications\" does not exist","timestamp":"2025-11-06 01:16:28"}
{"level":"error","message":"❌ Erro ao listar notificações: relation \"notifications\" does not exist","timestamp":"2025-11-06 01:16:28"}
{"level":"error","message":"❌ Erro ao listar notificações: relation \"notifications\" does not exist","timestamp":"2025-11-06 01:17:28"}
{"level":"error","message":"❌ Erro ao contar notificações não lidas: relation \"notifications\" does not exist","timestamp":"2025-11-06 01:17:28"}
{"level":"error","message":"❌ Erro ao contar notificações não lidas: relation \"notifications\" does not exist","timestamp":"2025-11-06 01:18:28"}
{"level":"error","message":"❌ Erro ao listar notificações: relation \"notifications\" does not exist","timestamp":"2025-11-06 01:18:28"}
{"level":"error","message":"❌ Erro ao contar notificações não lidas: relation \"notifications\" does not exist","timestamp":"2025-11-06 01:19:28"}
{"level":"error","message":"❌ Erro ao listar notificações: relation \"notifications\" does not exist","timestamp":"2025-11-06 01:19:28"}
{"level":"error","message":"❌ Erro ao contar notificações não lidas: relation \"notifications\" does not exist","timestamp":"2025-11-06 01:20:28"}
{"level":"error","message":"❌ Erro ao listar notificações: relation \"notifications\" does not exist","timestamp":"2025-11-06 01:20:28"}
{"level":"error","message":"❌ Erro ao contar notificações não lidas: relation \"notifications\" does not exist","timestamp":"2025-11-06 01:21:28"}
{"level":"error","message":"❌ Erro ao listar notificações: relation \"notifications\" does not exist","timestamp":"2025-11-06 01:21:28"}
{"level":"error","message":"❌ Erro ao contar notificações não lidas: relation \"notifications\" does not exist","timestamp":"2025-11-06 01:22:28"}
{"level":"error","message":"❌ Erro ao listar notificações: relation \"notifications\" does not exist","timestamp":"2025-11-06 01:22:28"}
{"level":"error","message":"❌ Erro ao contar notificações não lidas: relation \"notifications\" does not exist","timestamp":"2025-11-06 01:23:25"}
{"level":"error","message":"❌ Erro ao listar notificações: relation \"notifications\" does not exist","timestamp":"2025-11-06 01:23:25"}
{"level":"error","message":"❌ Erro ao contar notificações não lidas: relation \"notifications\" does not exist","timestamp":"2025-11-06 01:23:39"}
{"level":"error","message":"❌ Erro ao listar notificações: relation \"notifications\" does not exist","timestamp":"2025-11-06 01:23:39"}
{"level":"error","message":"❌ Erro ao contar notificações não lidas: relation \"notifications\" does not exist","timestamp":"2025-11-06 01:24:09"}
{"level":"error","message":"❌ Erro ao listar notificações: relation \"notifications\" does not exist","timestamp":"2025-11-06 01:24:09"}
{"level":"error","message":"❌ Erro ao contar notificações não lidas: relation \"notifications\" does not exist","timestamp":"2025-11-06 01:25:15"}
{"level":"error","message":"❌ Erro ao listar notificações: relation \"notifications\" does not exist","timestamp":"2025-11-06 01:25:15"}
{"level":"error","message":"❌ Erro ao listar notificações: relation \"notifications\" does not exist","timestamp":"2025-11-06 01:26:16"}
{"level":"error","message":"❌ Erro ao contar notificações não lidas: relation \"notifications\" does not exist","timestamp":"2025-11-06 01:26:16"}
{"level":"error","message":"❌ Erro ao contar notificações não lidas: relation \"notifications\" does not exist","timestamp":"2025-11-06 01:27:17"}
{"level":"error","message":"❌ Erro ao listar notificações: relation \"notifications\" does not exist","timestamp":"2025-11-06 01:27:17"}
{"level":"error","message":"❌ Erro ao listar notificações: relation \"notifications\" does not exist","timestamp":"2025-11-06 01:28:18"}
{"level":"error","message":"❌ Erro ao contar notificações não lidas: relation \"notifications\" does not exist","timestamp":"2025-11-06 01:28:18"}
{"level":"error","message":"❌ Erro ao contar notificações não lidas: relation \"notifications\" does not exist","timestamp":"2025-11-06 01:29:19"}
{"level":"error","message":"❌ Erro ao listar notificações: relation \"notifications\" does not exist","timestamp":"2025-11-06 01:29:19"}
{"level":"error","message":"❌ Erro ao contar notificações não lidas: relation \"notifications\" does not exist","timestamp":"2025-11-06 01:31:18"}
{"level":"error","message":"❌ Erro ao listar notificações: relation \"notifications\" does not exist","timestamp":"2025-11-06 01:31:18"}
{"level":"error","message":"❌ Erro ao listar notificações: relation \"notifications\" does not exist","timestamp":"2025-11-06 01:31:21"}
{"level":"error","message":"❌ Erro ao contar notificações não lidas: relation \"notifications\" does not exist","timestamp":"2025-11-06 01:31:21"}
{"level":"info","message":"✅ Notificação d52b8b21-d155-42e8-ae72-e7addba8ce18 deletada","timestamp":"2025-11-06 03:35:34"}
{"level":"info","message":"📋 Buscando comissões para líder: 6fbd7237-d334-4c80-8bb4-c880e5ac98a3","timestamp":"2025-11-06 05:18:34"}
{"level":"info","message":"📋 Buscando comissões para: 6fbd7237-d334-4c80-8bb4-c880e5ac98a3","timestamp":"2025-11-06 05:18:34"}
{"level":"info","message":"📋 Buscando comissões para líder: 6fbd7237-d334-4c80-8bb4-c880e5ac98a3","timestamp":"2025-11-06 05:18:34"}
{"level":"info","message":"📋 Buscando comissões para: 6fbd7237-d334-4c80-8bb4-c880e5ac98a3","timestamp":"2025-11-06 05:18:34"}
{"level":"info","message":"✅ Encontradas 0 comissões","timestamp":"2025-11-06 05:18:34"}
{"level":"info","message":"✅ Encontradas 0 comissões","timestamp":"2025-11-06 05:18:34"}
{"level":"info","message":"📊 Buscando resumo para usuário: 6fbd7237-d334-4c80-8bb4-c880e5ac98a3","timestamp":"2025-11-06 05:18:34"}
{"level":"info","message":"📊 Buscando resumo para usuário: 6fbd7237-d334-4c80-8bb4-c880e5ac98a3","timestamp":"2025-11-06 05:18:34"}
{"level":"info","message":"📋 Buscando comissões para líder: 6fbd7237-d334-4c80-8bb4-c880e5ac98a3","timestamp":"2025-11-06 05:18:39"}
{"level":"info","message":"📋 Buscando comissões para: 6fbd7237-d334-4c80-8bb4-c880e5ac98a3","timestamp":"2025-11-06 05:18:39"}
{"level":"info","message":"📋 Buscando comissões para líder: 6fbd7237-d334-4c80-8bb4-c880e5ac98a3","timestamp":"2025-11-06 05:18:39"}
{"level":"info","message":"📋 Buscando comissões para: 6fbd7237-d334-4c80-8bb4-c880e5ac98a3","timestamp":"2025-11-06 05:18:39"}
{"level":"info","message":"✅ Encontradas 0 comissões","timestamp":"2025-11-06 05:18:39"}
{"level":"info","message":"✅ Encontradas 0 comissões","timestamp":"2025-11-06 05:18:39"}
{"level":"info","message":"📊 Buscando resumo para usuário: 6fbd7237-d334-4c80-8bb4-c880e5ac98a3","timestamp":"2025-11-06 05:18:39"}
{"level":"info","message":"📊 Buscando resumo para usuário: 6fbd7237-d334-4c80-8bb4-c880e5ac98a3","timestamp":"2025-11-06 05:18:39"}
{"level":"info","message":"📋 Buscando comissões para líder: 6fbd7237-d334-4c80-8bb4-c880e5ac98a3","timestamp":"2025-11-06 18:57:18"}
{"level":"info","message":"📋 Buscando comissões para: 6fbd7237-d334-4c80-8bb4-c880e5ac98a3","timestamp":"2025-11-06 18:57:18"}
{"level":"info","message":"✅ Encontradas 0 comissões","timestamp":"2025-11-06 18:57:18"}
{"level":"info","message":"📋 Buscando comissões para líder: 6fbd7237-d334-4c80-8bb4-c880e5ac98a3","timestamp":"2025-11-06 18:57:18"}
{"level":"info","message":"📋 Buscando comissões para: 6fbd7237-d334-4c80-8bb4-c880e5ac98a3","timestamp":"2025-11-06 18:57:18"}
{"level":"info","message":"✅ Encontradas 0 comissões","timestamp":"2025-11-06 18:57:18"}
{"level":"info","message":"📊 Buscando resumo para usuário: 6fbd7237-d334-4c80-8bb4-c880e5ac98a3","timestamp":"2025-11-06 18:57:18"}
{"level":"info","message":"📊 Buscando resumo para usuário: 6fbd7237-d334-4c80-8bb4-c880e5ac98a3","timestamp":"2025-11-06 18:57:18"}
{"level":"info","message":"📋 Buscando comissões para líder: 6fbd7237-d334-4c80-8bb4-c880e5ac98a3","timestamp":"2025-11-06 18:57:42"}
{"level":"info","message":"📋 Buscando comissões para: 6fbd7237-d334-4c80-8bb4-c880e5ac98a3","timestamp":"2025-11-06 18:57:42"}
{"level":"info","message":"✅ Encontradas 0 comissões","timestamp":"2025-11-06 18:57:42"}
{"level":"info","message":"📋 Buscando comissões para líder: 6fbd7237-d334-4c80-8bb4-c880e5ac98a3","timestamp":"2025-11-06 18:57:42"}
{"level":"info","message":"📋 Buscando comissões para: 6fbd7237-d334-4c80-8bb4-c880e5ac98a3","timestamp":"2025-11-06 18:57:42"}
{"level":"info","message":"✅ Encontradas 0 comissões","timestamp":"2025-11-06 18:57:42"}
{"level":"info","message":"📊 Buscando resumo para usuário: 6fbd7237-d334-4c80-8bb4-c880e5ac98a3","timestamp":"2025-11-06 18:57:42"}
{"level":"info","message":"📊 Buscando resumo para usuário: 6fbd7237-d334-4c80-8bb4-c880e5ac98a3","timestamp":"2025-11-06 18:57:42"}
{"level":"info","message":"📋 Buscando comissões para líder: 6fbd7237-d334-4c80-8bb4-c880e5ac98a3","timestamp":"2025-11-06 19:25:53"}
{"level":"info","message":"📋 Buscando comissões para: 6fbd7237-d334-4c80-8bb4-c880e5ac98a3","timestamp":"2025-11-06 19:25:53"}
{"level":"info","message":"✅ Encontradas 0 comissões","timestamp":"2025-11-06 19:25:53"}
{"level":"info","message":"📋 Buscando comissões para líder: 6fbd7237-d334-4c80-8bb4-c880e5ac98a3","timestamp":"2025-11-06 19:25:53"}
{"level":"info","message":"📋 Buscando comissões para: 6fbd7237-d334-4c80-8bb4-c880e5ac98a3","timestamp":"2025-11-06 19:25:53"}
{"level":"info","message":"✅ Encontradas 0 comissões","timestamp":"2025-11-06 19:25:53"}
{"level":"info","message":"📊 Buscando resumo para usuário: 6fbd7237-d334-4c80-8bb4-c880e5ac98a3","timestamp":"2025-11-06 19:25:53"}
{"level":"info","message":"📊 Buscando resumo para usuário: 6fbd7237-d334-4c80-8bb4-c880e5ac98a3","timestamp":"2025-11-06 19:25:53"}
{"level":"info","message":"📋 Buscando comissões para líder: 6fbd7237-d334-4c80-8bb4-c880e5ac98a3","timestamp":"2025-11-06 23:00:38"}
{"level":"info","message":"📋 Buscando comissões para: 6fbd7237-d334-4c80-8bb4-c880e5ac98a3","timestamp":"2025-11-06 23:00:38"}
{"level":"info","message":"✅ Encontradas 0 comissões","timestamp":"2025-11-06 23:00:38"}
{"level":"info","message":"📋 Buscando comissões para líder: 6fbd7237-d334-4c80-8bb4-c880e5ac98a3","timestamp":"2025-11-06 23:00:38"}
{"level":"info","message":"📋 Buscando comissões para: 6fbd7237-d334-4c80-8bb4-c880e5ac98a3","timestamp":"2025-11-06 23:00:38"}
{"level":"info","message":"✅ Encontradas 0 comissões","timestamp":"2025-11-06 23:00:38"}
{"level":"info","message":"📊 Buscando resumo para usuário: 6fbd7237-d334-4c80-8bb4-c880e5ac98a3","timestamp":"2025-11-06 23:00:38"}
{"level":"info","message":"📊 Buscando resumo para usuário: 6fbd7237-d334-4c80-8bb4-c880e5ac98a3","timestamp":"2025-11-06 23:00:38"}
{"level":"info","message":"📋 Buscando comissões para líder: 6fbd7237-d334-4c80-8bb4-c880e5ac98a3","timestamp":"2025-11-06 23:00:42"}
{"level":"info","message":"📋 Buscando comissões para: 6fbd7237-d334-4c80-8bb4-c880e5ac98a3","timestamp":"2025-11-06 23:00:42"}
{"level":"info","message":"✅ Encontradas 0 comissões","timestamp":"2025-11-06 23:00:42"}
{"level":"info","message":"📋 Buscando comissões para líder: 6fbd7237-d334-4c80-8bb4-c880e5ac98a3","timestamp":"2025-11-06 23:00:42"}
{"level":"info","message":"📋 Buscando comissões para: 6fbd7237-d334-4c80-8bb4-c880e5ac98a3","timestamp":"2025-11-06 23:00:42"}
{"level":"info","message":"✅ Encontradas 0 comissões","timestamp":"2025-11-06 23:00:42"}
{"level":"info","message":"📊 Buscando resumo para usuário: 6fbd7237-d334-4c80-8bb4-c880e5ac98a3","timestamp":"2025-11-06 23:00:42"}
{"level":"info","message":"📊 Buscando resumo para usuário: 6fbd7237-d334-4c80-8bb4-c880e5ac98a3","timestamp":"2025-11-06 23:00:42"}
{"level":"error","message":"❌ Erro ao registrar login falho: relation \"login_logs\" does not exist","timestamp":"2025-11-12 18:07:23"}
{"level":"error","message":"❌ Erro ao registrar log de login: relation \"login_logs\" does not exist","timestamp":"2025-11-12 18:07:45"}
{"level":"info","message":"🔍 Iniciando processNetworkCommission para member 66a7f970-1807-4903-9440-41fe2204720b, sale 636b07c1-2ba2-470f-bfee-a6a47373bbb1","timestamp":"2025-11-12 18:12:32"}
{"code":"42P01","file":"parse_relation.c","length":113,"level":"error","line":"1392","message":"❌ Erro ao processar comissão de rede: relation \"user_hierarchy\" does not exist relation \"user_hierarchy\" does not exist","name":"error","position":"41","routine":"parserOpenTable","severity":"ERROR","stack":"error: relation \"user_hierarchy\" does not exist\n    at /app/node_modules/pg-pool/index.js:45:11\n    at process.processTicksAndRejections (node:internal/process/task_queues:95:5)\n    at CommissionService.processNetworkCommission (/app/src/modules/commissions/commission.service.ts:74:26)\n    at SalesService.updateSale (/app/src/modules/sales/sales.service.ts:474:9)\n    at SalesController.updateStatus (/app/src/modules/sales/sales.controller.ts:100:20)","timestamp":"2025-11-12 18:12:32"}
{"level":"info","message":"✅ Notificação criada para usuário 66a7f970-1807-4903-9440-41fe2204720b: 🏆 Promoção: Master","timestamp":"2025-11-12 18:19:18"}
{"level":"info","message":"🔍 Iniciando processNetworkCommission para member 66a7f970-1807-4903-9440-41fe2204720b, sale fcb5ea2e-5455-418d-93a2-e3d27baffb5b","timestamp":"2025-11-12 18:19:35"}
{"code":"42P01","file":"parse_relation.c","length":113,"level":"error","line":"1392","message":"❌ Erro ao processar comissão de rede: relation \"user_hierarchy\" does not exist relation \"user_hierarchy\" does not exist","name":"error","position":"41","routine":"parserOpenTable","severity":"ERROR","stack":"error: relation \"user_hierarchy\" does not exist\n    at /app/node_modules/pg-pool/index.js:45:11\n    at process.processTicksAndRejections (node:internal/process/task_queues:95:5)\n    at CommissionService.processNetworkCommission (/app/src/modules/commissions/commission.service.ts:74:26)\n    at SalesService.updateSale (/app/src/modules/sales/sales.service.ts:474:9)\n    at SalesController.updateStatus (/app/src/modules/sales/sales.controller.ts:100:20)","timestamp":"2025-11-12 18:19:35"}
{"level":"error","message":"❌ Erro ao buscar resumo de rede: relation \"user_hierarchy\" does not exist","timestamp":"2025-11-12 18:19:37"}
{"level":"error","message":"❌ Erro ao buscar resumo de rede: relation \"user_hierarchy\" does not exist","timestamp":"2025-11-12 18:19:37"}
{"level":"info","message":"✅ Notificação fe620ad2-70bf-4cbb-ba62-83a54aa5a3c7 deletada","timestamp":"2025-11-12 18:19:44"}
{"level":"info","message":"✅ Notificação ef652503-9641-4530-aa6b-3abfcc8e22ec deletada","timestamp":"2025-11-12 18:19:44"}
{"level":"error","message":"❌ Erro ao registrar log de login: relation \"login_logs\" does not exist","timestamp":"2025-11-12 18:20:14"}
{"level":"error","message":"❌ Erro ao buscar resumo de rede: relation \"user_hierarchy\" does not exist","timestamp":"2025-11-12 18:20:18"}
{"level":"error","message":"❌ Erro ao buscar resumo de rede: relation \"user_hierarchy\" does not exist","timestamp":"2025-11-12 18:20:18"}
{"level":"info","message":"🔍 [REMOVE_MEMBER] Leader ID: 66a7f970-1807-4903-9440-41fe2204720b","timestamp":"2025-11-12 18:24:13"}
{"level":"info","message":"🔍 [REMOVE_MEMBER] Member ID: 3be370ba-f468-4037-be96-67d25efd7f47","timestamp":"2025-11-12 18:24:13"}
{"level":"info","message":"🔍 [REMOVE_MEMBER] Query result: []","timestamp":"2025-11-12 18:24:13"}
{"level":"error","message":"❌ [REMOVE_MEMBER] Membro não encontrado! Leader: 66a7f970-1807-4903-9440-41fe2204720b, Member: 3be370ba-f468-4037-be96-67d25efd7f47","timestamp":"2025-11-12 18:24:13"}
{"level":"error","message":"❌ [REMOVE_MEMBER] ERRO: Membro não encontrado na sua equipe","timestamp":"2025-11-12 18:24:13"}
{"level":"error","message":"❌ [REMOVE_MEMBER] Stack: Error: Membro não encontrado na sua equipe\n    at TeamService.removeTeamMember (/app/src/modules/team/team.service.ts:171:15)\n    at process.processTicksAndRejections (node:internal/process/task_queues:95:5)\n    at TeamController.removeTeamMember (/app/src/modules/team/team.controller.ts:50:7)","timestamp":"2025-11-12 18:24:13"}
{"level":"info","message":"🔍 Iniciando processPersonalCommission para consultant 66a7f970-1807-4903-9440-41fe2204720b, sale a9c54005-816f-4e58-8782-be26dea52390","timestamp":"2025-11-12 18:32:15"}
{"level":"info","message":"💰 Percentual: 7%, Valor: R$ 700","timestamp":"2025-11-12 18:32:15"}
{"level":"info","message":"✅ Comissão pessoal criada: ID e97b8952-295c-4352-92e5-9be6741b3430, user 66a7f970-1807-4903-9440-41fe2204720b, sale a9c54005-816f-4e58-8782-be26dea52390, R$ 700","timestamp":"2025-11-12 18:32:15"}
{"level":"info","message":"🔍 Iniciando processNetworkCommission para member 66a7f970-1807-4903-9440-41fe2204720b, sale a9c54005-816f-4e58-8782-be26dea52390","timestamp":"2025-11-12 18:32:15"}
{"level":"warn","message":"⚠️ Nenhum líder encontrado para o membro 66a7f970-1807-4903-9440-41fe2204720b","timestamp":"2025-11-12 18:32:15"}
{"level":"info","message":"🔍 Iniciando processPersonalCommission para consultant 3be370ba-f468-4037-be96-67d25efd7f47, sale fab1e2d8-ab2b-4a37-b461-73539290d70a","timestamp":"2025-11-12 18:32:58"}
{"level":"info","message":"💰 Percentual: 5%, Valor: R$ 500","timestamp":"2025-11-12 18:32:58"}
{"level":"info","message":"✅ Comissão pessoal criada: ID 39c72725-c335-4d9e-b6a7-fe848a045cd3, user 3be370ba-f468-4037-be96-67d25efd7f47, sale fab1e2d8-ab2b-4a37-b461-73539290d70a, R$ 500","timestamp":"2025-11-12 18:32:58"}
{"level":"info","message":"🔍 Iniciando processNetworkCommission para member 3be370ba-f468-4037-be96-67d25efd7f47, sale fab1e2d8-ab2b-4a37-b461-73539290d70a","timestamp":"2025-11-12 18:32:58"}
{"level":"info","message":"👤 Líder encontrado: samuel (master_consultant)","timestamp":"2025-11-12 18:32:58"}
{"level":"info","message":"💰 Taxa: 2%, Valor: R$ 200","timestamp":"2025-11-12 18:32:58"}
{"level":"info","message":"✅ Comissão de rede criada: ID 3215cfc7-d06a-4611-a1a8-caad50823934, líder samuel, membro 3be370ba-f468-4037-be96-67d25efd7f47, R$ 200","timestamp":"2025-11-12 18:32:58"}
{"level":"warn","message":"⚠️ Tabela activity_logs não existe. Pulando log.","timestamp":"2025-11-12 21:54:30"}
{"level":"info","message":"✅ [LOGIN_LOG] LOGIN registrado para usuário 66a7f970-1807-4903-9440-41fe2204720b","timestamp":"2025-11-12 21:54:30"}
{"level":"error","message":"Erro ao buscar configurações: relation \"system_settings\" does not exist","timestamp":"2025-11-12 21:54:46"}
{"level":"error","message":"Erro ao buscar configurações: relation \"system_settings\" does not exist","timestamp":"2025-11-12 21:54:46"}
{"level":"warn","message":"⚠️ Tabela activity_logs não existe. Pulando log.","timestamp":"2025-11-12 21:59:21"}
{"level":"info","message":"✅ [LOGIN_LOG] LOGIN registrado para usuário 66a7f970-1807-4903-9440-41fe2204720b","timestamp":"2025-11-12 21:59:21"}
{"level":"error","message":"Erro ao buscar notificações: column \"read\" does not exist","timestamp":"2025-11-12 21:59:26"}
{"level":"error","message":"Erro ao buscar notificações: column \"read\" does not exist","timestamp":"2025-11-12 21:59:26"}
{"level":"error","message":"Erro ao buscar configurações: relation \"system_settings\" does not exist","timestamp":"2025-11-12 21:59:27"}
{"level":"error","message":"Erro ao buscar configurações: relation \"system_settings\" does not exist","timestamp":"2025-11-12 21:59:27"}
{"level":"info","message":"✅ Notificação criada para usuário 66a7f970-1807-4903-9440-41fe2204720b: 🏆 Promoção: Master","timestamp":"2025-11-12 21:59:59"}
{"level":"info","message":"✅ Notificação criada para usuário 66a7f970-1807-4903-9440-41fe2204720b: 🏆 Promoção: Consultor Elite","timestamp":"2025-11-12 22:00:02"}
{"level":"info","message":"✅ Notificação criada para usuário 66a7f970-1807-4903-9440-41fe2204720b: 🏆 Promoção: Master","timestamp":"2025-11-12 22:00:53"}
{"level":"info","message":"🔍 Iniciando processPersonalCommission para consultant 66a7f970-1807-4903-9440-41fe2204720b, sale f947dceb-2910-49da-89f4-101350d8e8c2","timestamp":"2025-11-12 22:00:59"}
{"level":"info","message":"💰 Percentual: 7%, Valor: R$ 700","timestamp":"2025-11-12 22:00:59"}
{"level":"info","message":"✅ Comissão pessoal criada: ID 7da2e009-984a-4849-a5f5-722203a5944a, user 66a7f970-1807-4903-9440-41fe2204720b, sale f947dceb-2910-49da-89f4-101350d8e8c2, R$ 700","timestamp":"2025-11-12 22:00:59"}
{"level":"info","message":"🔍 Iniciando processNetworkCommission para member 66a7f970-1807-4903-9440-41fe2204720b, sale f947dceb-2910-49da-89f4-101350d8e8c2","timestamp":"2025-11-12 22:00:59"}
{"level":"warn","message":"⚠️ Nenhum líder encontrado para o membro 66a7f970-1807-4903-9440-41fe2204720b","timestamp":"2025-11-12 22:00:59"}
{"level":"info","message":"✅ Notificação criada para usuário 66a7f970-1807-4903-9440-41fe2204720b: 🏆 Promoção: Consultor Elite","timestamp":"2025-11-12 22:00:59"}
{"level":"info","message":"✅ Notificação criada para usuário 66a7f970-1807-4903-9440-41fe2204720b: 🏆 Promoção: Master","timestamp":"2025-11-12 22:01:39"}
{"level":"info","message":"🔍 Iniciando processPersonalCommission para consultant 66a7f970-1807-4903-9440-41fe2204720b, sale c5384a71-7c88-46b5-8fc6-e16aa1318da3","timestamp":"2025-11-12 22:01:45"}
{"level":"info","message":"💰 Percentual: 7%, Valor: R$ 700","timestamp":"2025-11-12 22:01:45"}
{"level":"info","message":"✅ Comissão pessoal criada: ID f8981fb2-b79e-45d1-a04a-54ab71425032, user 66a7f970-1807-4903-9440-41fe2204720b, sale c5384a71-7c88-46b5-8fc6-e16aa1318da3, R$ 700","timestamp":"2025-11-12 22:01:45"}
{"level":"info","message":"🔍 Iniciando processNetworkCommission para member 66a7f970-1807-4903-9440-41fe2204720b, sale c5384a71-7c88-46b5-8fc6-e16aa1318da3","timestamp":"2025-11-12 22:01:45"}
{"level":"warn","message":"⚠️ Nenhum líder encontrado para o membro 66a7f970-1807-4903-9440-41fe2204720b","timestamp":"2025-11-12 22:01:45"}
{"level":"warn","message":"⚠️ Tabela activity_logs não existe. Pulando log.","timestamp":"2025-11-12 22:08:39"}
{"level":"info","message":"✅ [LOGIN_LOG] LOGIN registrado para usuário 66a7f970-1807-4903-9440-41fe2204720b","timestamp":"2025-11-12 22:08:39"}
{"level":"error","message":"Erro ao buscar configurações: relation \"system_settings\" does not exist","timestamp":"2025-11-12 22:08:55"}
{"level":"error","message":"Erro ao buscar configurações: relation \"system_settings\" does not exist","timestamp":"2025-11-12 22:08:55"}
{"level":"warn","message":"⚠️ Tabela activity_logs não existe. Pulando log.","timestamp":"2025-11-12 22:09:33"}
{"level":"info","message":"✅ [LOGIN_LOG] LOGIN registrado para usuário 3be370ba-f468-4037-be96-67d25efd7f47","timestamp":"2025-11-12 22:09:33"}
{"level":"info","message":"🔍 Iniciando processPersonalCommission para consultant 3be370ba-f468-4037-be96-67d25efd7f47, sale ade0a0f7-c4ee-4912-ba8c-3ccfb9c0111f","timestamp":"2025-11-12 22:10:01"}
{"level":"info","message":"💰 Percentual: 5%, Valor: R$ 1000","timestamp":"2025-11-12 22:10:01"}
{"level":"info","message":"✅ Comissão pessoal criada: ID 4d0a066e-7495-46cf-9bbd-bd023b1e5bbe, user 3be370ba-f468-4037-be96-67d25efd7f47, sale ade0a0f7-c4ee-4912-ba8c-3ccfb9c0111f, R$ 1000","timestamp":"2025-11-12 22:10:01"}
{"level":"info","message":"🔍 Iniciando processNetworkCommission para member 3be370ba-f468-4037-be96-67d25efd7f47, sale ade0a0f7-c4ee-4912-ba8c-3ccfb9c0111f","timestamp":"2025-11-12 22:10:01"}
{"level":"info","message":"👤 Líder encontrado: samuel (ceo)","timestamp":"2025-11-12 22:10:01"}
{"level":"info","message":"💰 Taxa: 1%, Valor: R$ 200","timestamp":"2025-11-12 22:10:01"}
{"level":"info","message":"✅ Comissão de rede criada: ID 56d54d45-570b-4df5-936b-1c113c79fae1, líder samuel, membro 3be370ba-f468-4037-be96-67d25efd7f47, R$ 200","timestamp":"2025-11-12 22:10:01"}
{"level":"warn","message":"⚠️ Tabela activity_logs não existe. Pulando log.","timestamp":"2025-11-12 22:23:12"}
{"level":"info","message":"✅ [LOGIN_LOG] LOGIN registrado para usuário 66a7f970-1807-4903-9440-41fe2204720b","timestamp":"2025-11-12 22:23:12"}
{"level":"error","message":"Erro ao buscar configurações: relation \"system_settings\" does not exist","timestamp":"2025-11-12 22:23:38"}
{"level":"error","message":"Erro ao buscar configurações: relation \"system_settings\" does not exist","timestamp":"2025-11-12 22:23:38"}
{"level":"info","message":"✅ Notificação criada para usuário 3be370ba-f468-4037-be96-67d25efd7f47: 🏆 Promoção: Master","timestamp":"2025-11-12 19:36:22"}
{"level":"info","message":"🔍 Iniciando processPersonalCommission para consultant 3be370ba-f468-4037-be96-67d25efd7f47, sale 1d30f74d-5b77-410e-91d2-022900d1c9a2","timestamp":"2025-11-12 19:36:24"}
{"level":"info","message":"💰 Percentual: 7%, Valor: R$ 2100","timestamp":"2025-11-12 19:36:24"}
{"level":"info","message":"✅ Comissão pessoal criada: ID 3ba213cf-a265-4407-84d1-883c7ff9de7e, user 3be370ba-f468-4037-be96-67d25efd7f47, sale 1d30f74d-5b77-410e-91d2-022900d1c9a2, R$ 2100","timestamp":"2025-11-12 19:36:24"}
{"level":"info","message":"🔍 Iniciando processNetworkCommission para member 3be370ba-f468-4037-be96-67d25efd7f47, sale 1d30f74d-5b77-410e-91d2-022900d1c9a2","timestamp":"2025-11-12 19:36:24"}
{"level":"info","message":"👤 Líder encontrado: samuel (ceo)","timestamp":"2025-11-12 19:36:24"}
{"level":"info","message":"💰 Taxa: 1%, Valor: R$ 300","timestamp":"2025-11-12 19:36:24"}
{"level":"info","message":"✅ Comissão de rede criada: ID f4392948-90e1-46ed-b095-b8555e2cc67c, líder samuel, membro 3be370ba-f468-4037-be96-67d25efd7f47, R$ 300","timestamp":"2025-11-12 19:36:24"}
{"level":"error","message":"Erro ao buscar configurações: relation \"system_settings\" does not exist","timestamp":"2025-11-12 22:43:10"}
{"level":"error","message":"Erro ao buscar configurações: relation \"system_settings\" does not exist","timestamp":"2025-11-12 22:43:10"}
{"level":"error","message":"Erro ao buscar configurações: relation \"system_settings\" does not exist","timestamp":"2025-11-12 22:44:20"}
{"level":"error","message":"Erro ao buscar configurações: relation \"system_settings\" does not exist","timestamp":"2025-11-12 22:57:34"}
{"level":"error","message":"Erro ao buscar configurações: relation \"system_settings\" does not exist","timestamp":"2025-11-12 22:57:34"}
{"level":"error","message":"Erro ao buscar notificações: column \"read\" does not exist","timestamp":"2025-11-12 22:57:40"}
{"level":"error","message":"Erro ao buscar notificações: column \"read\" does not exist","timestamp":"2025-11-12 22:57:40"}
{"level":"error","message":"Erro ao buscar configurações: relation \"system_settings\" does not exist","timestamp":"2025-11-12 22:57:41"}
{"level":"error","message":"Erro ao buscar configurações: relation \"system_settings\" does not exist","timestamp":"2025-11-12 22:57:41"}
{"level":"error","message":"Erro ao buscar configurações: relation \"system_settings\" does not exist","timestamp":"2025-11-12 22:57:46"}
{"level":"error","message":"Erro ao buscar configurações: relation \"system_settings\" does not exist","timestamp":"2025-11-12 22:57:46"}
{"level":"error","message":"Erro ao buscar notificações: column \"read\" does not exist","timestamp":"2025-11-12 23:02:37"}
{"level":"error","message":"Erro ao buscar notificações: column \"read\" does not exist","timestamp":"2025-11-12 23:02:37"}
{"level":"error","message":"Erro ao buscar notificações: column \"read\" does not exist","timestamp":"2025-11-12 23:05:14"}
{"level":"error","message":"Erro ao buscar notificações: column \"read\" does not exist","timestamp":"2025-11-12 23:05:14"}
{"level":"info","message":"✅ Notificação 47154ec7-750c-414f-81b3-07f00cdca202 deletada","timestamp":"2025-11-12 23:06:22"}
{"level":"info","message":"✅ Notificação 3e139fda-1379-4ce1-bd65-abca72b13e01 deletada","timestamp":"2025-11-12 23:06:24"}
{"level":"error","message":"Erro ao buscar notificações: column \"read\" does not exist","timestamp":"2025-11-12 23:07:40"}
{"level":"error","message":"Erro ao criar notificação: column \"read\" of relation \"notifications\" does not exist","timestamp":"2025-11-12 23:08:57"}
{"level":"info","message":"✅ Notificação f44b4f55-70ab-4a32-84a5-c3a493e43f56 marcada como lida","timestamp":"2025-11-12 23:09:41"}
{"level":"error","message":"Erro ao criar notificação: column \"active\" does not exist","timestamp":"2025-11-12 23:10:57"}
{"level":"error","message":"Erro ao criar notificação: column \"active\" does not exist","timestamp":"2025-11-12 23:12:37"}
{"level":"error","message":"Erro ao criar notificação: column \"active\" does not exist","timestamp":"2025-11-12 23:12:47"}
{"level":"error","message":"Erro ao criar notificação: column \"active\" does not exist","timestamp":"2025-11-12 23:12:50"}
{"level":"error","message":"Erro ao criar notificação: column \"active\" does not exist","timestamp":"2025-11-12 23:12:53"}
{"level":"error","message":"Erro ao criar notificação: column \"active\" does not exist","stack":"error: column \"active\" does not exist\n    at /app/node_modules/pg-pool/index.js:45:11\n    at process.processTicksAndRejections (node:internal/process/task_queues:95:5)\n    at AdminService.createGlobalNotification (/app/src/modules/admin/admin.service.ts:557:20)\n    at AdminController.createNotification (/app/src/modules/admin/admin.controller.ts:182:22)","timestamp":"2025-11-12 23:15:42"}
{"level":"warn","message":"⚠️ Tabela activity_logs não existe. Pulando log.","timestamp":"2025-11-12 23:18:01"}
{"level":"error","message":"Erro ao buscar logs: relation \"activity_logs\" does not exist","timestamp":"2025-11-12 23:18:40"}
{"level":"error","message":"Erro ao buscar logs: relation \"activity_logs\" does not exist","timestamp":"2025-11-12 23:18:40"}
{"level":"info","message":"✅ Notificação criada para usuário 66a7f970-1807-4903-9440-41fe2204720b: 🏆 Promoção: Master","timestamp":"2025-11-12 23:28:03"}
{"level":"info","message":"📝 [ACTIVITY_LOG] Usuário fez login - User: 3be370ba-f468-4037-be96-67d25efd7f47","timestamp":"2025-11-12 23:29:16"}
{"level":"info","message":"✅ [LOGIN_LOG] LOGIN registrado para usuário 3be370ba-f468-4037-be96-67d25efd7f47","timestamp":"2025-11-12 23:29:16"}
{"level":"info","message":"📝 [ACTIVITY_LOG] Registrou nova venda - User: 66a3d4ba-6388-4721-bbaf-1ac08a71813b","timestamp":"2025-11-12 20:33:39"}
{"level":"info","message":"📝 [ACTIVITY_LOG] Atualizou venda - User: 66a3d4ba-6388-4721-bbaf-1ac08a71813b","timestamp":"2025-11-12 20:33:39"}
{"level":"info","message":"📝 [ACTIVITY_LOG] Registrou nova venda - User: 66a7f970-1807-4903-9440-41fe2204720b","timestamp":"2025-11-12 20:33:39"}
{"level":"info","message":"📝 [ACTIVITY_LOG] Atualizou venda - User: 66a7f970-1807-4903-9440-41fe2204720b","timestamp":"2025-11-12 20:33:39"}
{"level":"info","message":"📝 [ACTIVITY_LOG] Registrou nova venda - User: 3be370ba-f468-4037-be96-67d25efd7f47","timestamp":"2025-11-12 20:33:39"}
{"level":"info","message":"📝 [ACTIVITY_LOG] Atualizou venda - User: 3be370ba-f468-4037-be96-67d25efd7f47","timestamp":"2025-11-12 20:33:40"}
{"level":"info","message":"📝 [ACTIVITY_LOG] Registrou nova venda - User: 3be370ba-f468-4037-be96-67d25efd7f47","timestamp":"2025-11-12 20:33:52"}
{"level":"info","message":"📝 [ACTIVITY_LOG] Atualizou venda - User: 3be370ba-f468-4037-be96-67d25efd7f47","timestamp":"2025-11-12 20:33:52"}
{"level":"info","message":"📝 [ACTIVITY_LOG] Removeu venda - User: 3be370ba-f468-4037-be96-67d25efd7f47","timestamp":"2025-11-12 20:33:52"}
{"level":"info","message":"📝 [ACTIVITY_LOG] Registrou nova venda - User: 66a7f970-1807-4903-9440-41fe2204720b","timestamp":"2025-11-12 20:33:52"}
{"level":"info","message":"📝 [ACTIVITY_LOG] Atualizou venda - User: 66a7f970-1807-4903-9440-41fe2204720b","timestamp":"2025-11-12 20:33:52"}
{"level":"info","message":"📝 [ACTIVITY_LOG] Removeu venda - User: 66a7f970-1807-4903-9440-41fe2204720b","timestamp":"2025-11-12 20:33:52"}
{"level":"info","message":"📝 [ACTIVITY_LOG] Registrou nova venda - User: 66a3d4ba-6388-4721-bbaf-1ac08a71813b","timestamp":"2025-11-12 20:33:52"}
{"level":"info","message":"📝 [ACTIVITY_LOG] Atualizou venda - User: 66a3d4ba-6388-4721-bbaf-1ac08a71813b","timestamp":"2025-11-12 20:33:52"}
{"level":"info","message":"📝 [ACTIVITY_LOG] Removeu venda - User: 66a3d4ba-6388-4721-bbaf-1ac08a71813b","timestamp":"2025-11-12 20:33:52"}
{"level":"info","message":"📝 [ACTIVITY_LOG] Realizou login - User: 3be370ba-f468-4037-be96-67d25efd7f47","timestamp":"2025-11-12 20:33:52"}
{"level":"info","message":"📝 [ACTIVITY_LOG] Realizou logout - User: 3be370ba-f468-4037-be96-67d25efd7f47","timestamp":"2025-11-12 20:33:52"}
{"level":"info","message":"📝 [ACTIVITY_LOG] Subiu de nível - User: 66a3d4ba-6388-4721-bbaf-1ac08a71813b","timestamp":"2025-11-12 20:36:53"}
{"level":"info","message":"📝 [ACTIVITY_LOG] Conquistou recompensa - User: 66a3d4ba-6388-4721-bbaf-1ac08a71813b","timestamp":"2025-11-12 20:36:53"}
{"level":"info","message":"📝 [ACTIVITY_LOG] Recebeu comissão pessoal - User: 66a7f970-1807-4903-9440-41fe2204720b","timestamp":"2025-11-12 20:36:53"}
{"level":"info","message":"📝 [ACTIVITY_LOG] Recebeu comissão de rede - User: 66a7f970-1807-4903-9440-41fe2204720b","timestamp":"2025-11-12 20:36:53"}
{"level":"info","message":"📝 [ACTIVITY_LOG] Adicionou novo membro à equipe - User: 3be370ba-f468-4037-be96-67d25efd7f47","timestamp":"2025-11-12 20:36:53"}
{"level":"info","message":"📝 [ACTIVITY_LOG] Venda aprovada - User: 3be370ba-f468-4037-be96-67d25efd7f47","timestamp":"2025-11-12 20:36:53"}
{"level":"info","message":"📝 [ACTIVITY_LOG] Registrou nova venda - User: 3be370ba-f468-4037-be96-67d25efd7f47","timestamp":"2025-11-12 20:37:05"}
{"level":"info","message":"📝 [ACTIVITY_LOG] Atualizou status de usuário - User: 66a7f970-1807-4903-9440-41fe2204720b","timestamp":"2025-11-12 20:37:05"}
{"level":"info","message":"📝 [ACTIVITY_LOG] Removeu membro da equipe - User: 66a3d4ba-6388-4721-bbaf-1ac08a71813b","timestamp":"2025-11-12 20:37:05"}
{"level":"info","message":"📝 [ACTIVITY_LOG] Atualizou venda - User: 66a7f970-1807-4903-9440-41fe2204720b","timestamp":"2025-11-13 00:05:53"}
{"level":"info","message":"🔍 Iniciando processPersonalCommission para consultant 66a7f970-1807-4903-9440-41fe2204720b, sale b234277b-4686-4f1e-aeb6-0caee9754365","timestamp":"2025-11-13 00:05:53"}
{"level":"info","message":"💰 Percentual: 7%, Valor: R$ 770","timestamp":"2025-11-13 00:05:53"}
{"level":"info","message":"✅ Comissão pessoal criada: ID ec217c0f-737e-4f2f-aeb2-a7d24a4566c1, user 66a7f970-1807-4903-9440-41fe2204720b, sale b234277b-4686-4f1e-aeb6-0caee9754365, R$ 770","timestamp":"2025-11-13 00:05:53"}
{"level":"info","message":"📝 [ACTIVITY_LOG] Recebeu comissão pessoal - User: 66a7f970-1807-4903-9440-41fe2204720b","timestamp":"2025-11-13 00:05:54"}
{"level":"info","message":"🔍 Iniciando processNetworkCommission para member 66a7f970-1807-4903-9440-41fe2204720b, sale b234277b-4686-4f1e-aeb6-0caee9754365","timestamp":"2025-11-13 00:05:54"}
{"level":"warn","message":"⚠️ Nenhum líder encontrado para o membro 66a7f970-1807-4903-9440-41fe2204720b","timestamp":"2025-11-13 00:05:54"}
{"level":"info","message":"📝 [ACTIVITY_LOG] Venda aprovada - User: 66a7f970-1807-4903-9440-41fe2204720b","timestamp":"2025-11-13 00:05:54"}
{"level":"error","message":"Erro ao gerar relatório sales: column c.cpf_cnpj does not exist","timestamp":"2025-11-13 00:47:59"}
{"level":"error","message":"Erro ao gerar relatório commissions: column pc.amount does not exist","timestamp":"2025-11-13 00:48:01"}
{"level":"error","message":"Erro ao gerar relatório team: column uh.user_id does not exist","timestamp":"2025-11-13 00:48:02"}
{"level":"error","message":"Erro ao gerar relatório sales: column c.cpf_cnpj does not exist","timestamp":"2025-11-13 00:48:08"}
{"level":"error","message":"Erro ao gerar relatório commissions: column pc.amount does not exist","timestamp":"2025-11-13 00:48:09"}
{"level":"error","message":"Erro ao gerar relatório team: column uh.user_id does not exist","timestamp":"2025-11-13 00:48:09"}
{"level":"error","message":"Erro ao gerar relatório sales: column c.cpf_cnpj does not exist","timestamp":"2025-11-13 00:54:39"}
{"level":"error","message":"Erro ao gerar relatório sales: column c.cpf_cnpj does not exist","timestamp":"2025-11-13 00:54:48"}
{"level":"error","message":"Erro ao gerar relatório commissions: column pc.amount does not exist","timestamp":"2025-11-13 00:54:48"}
{"level":"error","message":"Erro ao gerar relatório team: column uh.user_id does not exist","timestamp":"2025-11-13 00:54:49"}
